rows_used,lr_mae,lr_rmse,rf_mae,rf_rmse,name,engine
1239,0.5097803731747372,0.8431495980961456,4.06706995967745,2.39384738665484,A,pandas
1239,0.6511356629345673,0.9479257992069728,0.8938794153225766,1.1157552045258639,AAL,pandas
1239,1.7575604082042242,1.6775496872624445,2.484394354838696,1.9153966012166912,AAP,pandas
1239,1.301837611785143,1.3709449045973021,27.132145766128932,5.452122209945955,AAPL,pandas
1239,0.8661940925998831,1.2648236027660043,11.765707661290357,4.217955117942491,ABBV,pandas
1239,0.9256537561029066,1.1742834880173043,1.070372580645168,1.227122703626179,ABC,pandas
1239,0.36505569909185664,0.7309543692341466,2.528302016129015,2.0013760212811746,ABT,pandas
1239,0.8599204922278925,1.085899046897044,13.01137540322571,4.246634331099867,ACN,pandas
1239,1.411162738130408,1.5325059503203022,35.943534274193624,6.506912132199219,ADBE,pandas
1239,0.8140408993516257,1.0687323782435836,7.057004032257954,2.937385988321542,ADI,pandas
1239,0.342313201496342,0.7232991179662434,0.4236258064516084,0.7704545620151131,ADM,pandas
1239,0.8977157146342633,1.1700207834180993,6.318253830645007,2.9566086942217646,ADP,pandas
1239,2.6215291507098146,1.9900673976939702,2.8540413306451407,2.048172019783823,ADS,pandas
1239,1.2417040042439955,1.4641543863545494,22.620563306451764,5.0761084836910575,ADSK,pandas
1239,0.3718790026493067,0.6901076279828479,4.55617983870969,2.329546150084437,AEE,pandas
1239,0.4243534178725819,0.7336550872009662,2.0703056451612505,1.7048839319004754,AEP,pandas
1239,0.11136554660573253,0.3964836938918646,0.12833770161290245,0.4190567912076756,AES,pandas
1239,1.2460053649792755,1.395819237021008,26.340232056451377,5.6517394278682564,AET,pandas
1239,0.4995382772115796,0.871505180432337,6.651429637096723,2.911214417323934,AFL,pandas
1239,2.1662895070365713,1.7051983189465654,3.2662272177419625,2.1133698438125568,AGN,pandas
1239,0.4554634079177698,0.8306280974117667,0.5978455645161376,0.9086588832202359,AIG,pandas
1239,0.29944382073004633,0.6264644716130537,0.35526552419355517,0.6635937576628526,AIV,pandas
1239,0.813222402604576,1.1057406078615308,4.311024395161267,2.3083333734653797,AIZ,pandas
1239,0.40282350901335,0.7670182521649184,4.83752963709681,2.463652915555376,AJG,pandas
1239,0.602837418706416,1.0796658817049765,0.7847592883064493,1.142956159608086,AKAM,pandas
1239,1.4016326111868025,1.4141741184462846,23.891847983871155,5.219919264102027,ALB,pandas
1239,2.6123731791562497,2.1372865720923504,77.41900282258081,9.646159696851301,ALGN,pandas
1239,1.030351046150108,1.2106924791365812,1.5101804435484045,1.4074781795565572,ALK,pandas
1239,0.5487232074202395,0.9075531239517172,12.191990524193546,3.778253907576011,ALL,pandas
1043,0.6625844894003031,0.9607047974790933,6.287058851674789,2.6449999005287546,ALLE,pandas
1239,1.8186802178035661,1.5620487769327245,2.0191274395161276,1.623105079397219,ALXN,pandas
1239,0.6317037855678356,0.9414676902448865,11.428538709677458,3.623464357788282,AMAT,pandas
1239,0.32142751650233214,0.6894132308246499,0.4573052419354879,0.7710020068759933,AMD,pandas
1239,0.45820881853268314,0.7916534456790167,8.29416532258068,3.216493221772275,AME,pandas
1239,1.5363740418820495,1.4847143473321671,2.107584879032267,1.7203602984532567,AMG,pandas
1239,1.4346356292551514,1.4447657331052621,4.99525302419361,2.709395109420644,AMGN,pandas
1239,1.4050196615914698,1.38454708084998,12.076795766128996,4.274541796518068,AMP,pandas
1239,1.1020557652588352,1.209218700029245,18.215383669354846,4.529110306057756,AMT,pandas
1239,9.56890516574617,3.888400407412739,196.12523608871095,15.521611590131595,AMZN,pandas
1239,0.9869668258877816,1.138036025308009,1.2939479838709833,1.2877337267870477,ANDV,pandas
1239,1.257082666778991,1.3665681997865482,31.725612298387084,5.9833461259520915,ANSS,pandas
1239,1.7272535013896915,1.5974737810826447,28.37148024193543,6.05686958787358,ANTM,pandas
1239,0.848303184853431,1.0724811260116993,18.51936572580646,4.5873214132369595,AON,pandas
1239,0.43620657157323584,0.7713737159256902,6.968801108871028,2.873241698166816,AOS,pandas
1239,0.755638208990132,1.0112561909678628,0.9595887096774254,1.1310248783258454,APA,pandas
1239,0.6607210971008968,0.9534039586741153,0.9101455645161352,1.0864950983843906,APC,pandas
1239,0.9717567025546616,1.1871320993151493,3.264648991935459,2.288862380647542,APD,pandas
1239,0.49899417385202355,0.8128130741799561,12.314435483871065,3.806160521547532,APH,pandas
1239,0.7911073863882015,1.0446569160636718,7.651122782258058,3.01263872120127,ARE,pandas
1239,0.35328170595413744,0.7233968077570039,0.4278132056451619,0.7630873692928783,ARNC,pandas
1239,0.7347659553672501,1.0085032316456752,14.81446713709675,4.03999719805083,ATVI,pandas
1239,1.1420294040514627,1.2638636264616638,2.128905241935372,1.704544545842846,AVB,pandas
1239,2.903664941030073,1.997049360709717,38.94795645161322,6.547956417152421,AVGO,pandas
1239,0.6789052805007848,0.9946014319385797,16.657362298387064,4.610419169903051,AVY,pandas
1239,0.5472945161049309,0.8643406240410151,1.974232661290336,1.7814284852022568,AWK,pandas
1239,0.5506349166518791,0.8980010754729572,1.1970864919354962,1.373010622566,AXP,pandas
1239,2.558222776927764,2.0452007247091073,3.3515167338709917,2.220489774062397,AYI,pandas
1239,7.5189216087125015,3.30680711150016,9.127260282258192,3.639118200913356,AZO,pandas
1239,2.3665451510731894,1.9766503557690112,67.6898094758066,9.177586863139929,BA,pandas
1239,0.24836956375280994,0.5923540771584874,2.560704838709686,1.907049046267661,BAC,pandas
1239,0.4401663363199588,0.7842943388458672,3.3256850806451363,1.9974896415917578,BAX,pandas
1239,0.3755921515296128,0.7210206049291001,1.6060941532257977,1.564381028382101,BBT,pandas
1239,0.8964622168951354,1.1637398963814236,9.316599798387118,3.4218340261553593,BBY,pandas
1239,1.4803418000120605,1.5164905525047063,23.876884274193486,5.3943155479750065,BDX,pandas
1239,0.35791869359431944,0.7060272031695779,0.9103650544354704,1.0322754463133479,BEN,pandas
1239,0.4629926588191947,0.8549825557810328,3.0598627016128943,2.37935119731146,BF.B,pandas
123,1.192724382668663,1.1730746478041225,2.0341620000000677,1.5541413713130703,BHF,pandas
132,0.7583257094903473,0.9571466446298896,0.9567185185185084,1.0741467959705977,BHGE,pandas
1239,3.3549436402379444,2.155108385857192,3.8556661552419627,2.255159466086556,BIIB,pandas
1239,0.38938387785709344,0.736691050131907,3.5165749999999925,2.110172952939452,BK,pandas
1239,3.5753036129840967,2.24011795592801,55.29608266129075,8.740146891707122,BLK,pandas
1239,0.31335920197024336,0.6692983702828622,0.8280082661290167,1.067008606482104,BLL,pandas
1237,0.4993115396731136,0.8439697748392658,0.7554776209677445,0.9984266940020916,BMY,pandas
1239,1.0638199114264681,1.2891048483729652,15.773500806451656,4.553375982246706,BRK.B,pandas
1239,0.2185611523873946,0.5749151474477222,1.8768758064515814,1.5119283004585127,BSX,pandas
1239,0.519430146858784,0.8411526287547527,0.6264504032258149,0.903220755406469,BWA,pandas
1239,0.9459340745884647,1.1407208163775842,1.071578024193546,1.1870735416054745,BXP,pandas
1239,0.592381310142861,0.8979713767511225,7.841019354838693,3.143782296970463,C,pandas
1239,0.24605714212530222,0.6743115826514502,0.3086288709677376,0.7154664517834397,CA,pandas
1239,0.2937081184202266,0.6302906003043871,0.3512995967741951,0.6916475095498693,CAG,pandas
1239,0.737636581513115,1.078614372248502,1.0377510080645065,1.2303177278127002,CAH,pandas
1239,1.1031299169544988,1.2789890392131358,15.230405040322621,4.888306973381763,CAT,pandas
1239,0.9373756373826246,1.144776500870759,12.221595161290452,3.6553465150617,CB,pandas
1239,0.3519504417379467,0.6799002496189638,1.7570397177419212,1.6855061628564618,CBG,pandas
1239,0.7583636725076377,1.1335173316318652,22.935587701612942,5.3717383560146486,CBOE,pandas
1239,0.691074851867998,0.9417708135515666,0.8670405241935486,1.0506724759904005,CBS,pandas
1239,0.767268431184209,1.0267529018770047,4.04149435483866,2.4069069057777206,CCI,pandas
1239,0.5423338232793475,0.850930257726326,8.48591754032263,3.062817886733432,CCL,pandas
1239,0.32466528286329643,0.6904761963359736,7.898394959677436,3.046015395159858,CDNS,pandas
1239,1.3416045835697612,1.502335684533343,3.0581101754032325,2.161541737562116,CELG,pandas
1239,0.5941829807523222,0.9426708196988869,0.712398266129036,1.0178768370275142,CERN,pandas
1239,0.575491203180155,0.8874454791864095,0.7043377016129024,0.9624922030564995,CF,pandas
830,0.40905947315933167,0.7316981191868066,1.95912831325298,1.8194006086546153,CFG,pandas
1239,0.33611001840451044,0.6826135068904013,0.7336932459677491,1.040912326260544,CHD,pandas
1239,0.1128948359915085,0.38376139519453073,0.219285282258064,0.512396530167511,CHK,pandas
1239,0.6677729558683189,0.9667792166216804,3.999549294354836,2.5984761291163663,CHRW,pandas
1239,3.871621380002273,2.3469318744923915,23.761920766129112,5.702007074185856,CHTR,pandas
1239,1.4940775956604142,1.4792971213697195,19.55120504032238,5.12948419137526,CI,pandas
1239,0.5543675777908115,0.8806139579977976,0.6939955645161318,0.9691648154370717,CINF,pandas
1239,0.47767425037066197,0.8479866477997826,0.706984879032253,1.0048531416913211,CL,pandas
1239,1.0058996386121406,1.196770974631893,2.3402639112902968,1.938838483891826,CLX,pandas
1239,0.7667617171854358,1.0203433640169415,8.370587903225635,3.3741903444256836,CMA,pandas
1239,0.3856590843387161,0.7209007763163054,1.630995463709664,1.471572432256364,CMCSA,pandas
1239,0.9454558665943222,1.1567694759877287,11.470916532258203,4.037998975724552,CME,pandas
1239,4.940280294919818,2.6827825469236974,15.445773145161304,4.594463168852069,CMG,pandas
1239,1.370785981290841,1.3938943632729246,8.467359072580654,3.4636179039767114,CMI,pandas
1239,0.2768653165406801,0.5913685123787747,1.5651651209677038,1.4226181717938742,CMS,pandas
1239,1.116640764230897,1.2427848368279344,10.86215927419354,3.868540443643603,CNC,pandas
1239,0.18823189775595922,0.4890957190501555,1.9083058467741878,1.4507284471461386,CNP,pandas
1239,0.8490512602262805,1.0768166121178406,3.78905423387094,2.552418754451196,COF,pandas
1239,0.3163246477697846,0.6516488717647138,0.3684673387096762,0.7012600469001901,COG,pandas
1239,0.991176239575737,1.4599249054506136,20.885115524193484,5.089707003980472,COL,pandas
1239,2.147011157395104,1.7984378319395362,38.79526552419342,6.570248640081109,COO,pandas
1239,0.5866646993698355,0.9601427882209659,0.6808348790322568,0.9979670854517336,COP,pandas
1239,1.4678567458414196,1.501887603323828,5.9188140120969095,3.0674162011082933,COST,pandas
1153,0.2343211077400748,0.5977725089864059,0.29976645021645026,0.6570643549845794,COTY,pandas
1239,0.5115848595815181,0.8876192638379886,0.6520792338709637,0.9647758157022469,CPB,pandas
1239,0.7252609159902988,0.9946040066200816,11.493200201612952,3.8119870176896677,CRM,pandas
1239,0.2539459807740519,0.6257013454668628,2.937149798387091,2.0418016508404446,CSCO,pandas
541,0.3405226465564773,0.681737845750368,0.3434064220183515,0.6939592557257924,CSRA,pandas
1239,0.5915584784194972,0.8983255062681471,4.3932272177419724,2.2981132628690104,CSX,pandas
1239,1.0238223424381117,1.2555969855325635,17.998934274193637,4.8111206677419425,CTAS,pandas
1239,0.3165018808165886,0.6654517292606097,3.1342409274193646,2.0821346826729834,CTL,pandas
1239,0.47289387569756935,0.8025911676195043,2.871136794354836,1.9797170848025503,CTSH,pandas
1239,0.6964850610876792,1.0178669882475067,1.0837425403225702,1.4369335308543165,CTXS,pandas
1239,0.7661259689637494,1.0713711140982665,0.8297506048387048,1.0808101883371188,CVS,pandas
1239,0.8510871111032536,1.1200470439891361,1.0265489717741854,1.1977130762212624,CVX,pandas
1239,1.5346138097479047,1.4492901336275494,2.9895852822580373,2.208203247698926,CXO,pandas
1239,0.4836672792477176,0.810184764859276,1.5626014112903734,1.5247078664383593,D,pandas
1239,0.5728977572721842,0.889020463302051,1.6841788306451675,1.6095517883894028,DAL,pandas
1239,1.1224611933320647,1.2803214530929896,18.911077016129,5.070496286909213,DE,pandas
1239,0.5868429942441817,0.8907162119444741,1.5044812500000224,1.5672854359588144,DFS,pandas
1239,0.8436386646275781,1.0693027603212986,1.2817455645161404,1.4527472825692607,DG,pandas
1239,0.6420239850135299,1.0067607260519829,8.84922479838712,3.2451260258118175,DGX,pandas
1239,0.3932169787615133,0.7297405316246345,5.937298588709664,2.9813676158330544,DHI,pandas
1221,0.5417316344535484,0.9112088862068665,0.9554830612244949,1.421390870310918,DHR,pandas
1239,0.7827383152801859,1.0602055283914333,0.9194580645161337,1.1168870780574611,DIS,pandas
1239,0.3322040705756425,0.6811361876442312,2.1718596774193655,1.8017344760119998,DISCA,pandas
1239,0.3174135559640358,0.6689832954563935,2.0839012096774057,1.7647772151333885,DISCK,pandas
1239,0.6517897923912287,0.9616878587786419,0.7324784274193538,0.9995084305410333,DISH,pandas
1239,1.1005780738346291,1.2491789769852735,6.053754637096583,2.708272830389953,DLR,pandas
1239,0.8909160258746249,1.1014728805204224,3.501492338709652,2.4954807174328413,DLTR,pandas
1239,0.7532653043033514,1.0337948979507328,1.9406754032257592,1.8413166830481094,DOV,pandas
1239,0.6227220167860589,1.2606033358841653,1.3699405241935474,1.9997547377050902,DPS,pandas
1239,0.20247770151387973,0.5104761132779653,0.4590322580645322,0.7624676923871198,DRE,pandas
1239,0.7889925307824117,1.0740369293367096,8.226101008064402,3.180388675472746,DRI,pandas
1239,0.618746070053288,0.8957862397311758,8.890444758064662,3.1372375030277917,DTE,pandas
1239,0.46565882073969933,0.7688094742420346,0.6460288306451509,0.9040281743679448,DUK,pandas
1239,0.7232517733071897,1.104594305004863,0.7760552419354828,1.1192307859998156,DVA,pandas
1239,0.5635114212953619,0.8632908034168113,0.7400006048387108,0.9739850228043796,DVN,pandas
89,1.202054077591727,1.242458386856716,1.5646527777777293,1.3336731621828222,DWDP,pandas
195,0.7229888256710149,1.0130645476260975,2.7987282051280973,1.8647391912990294,DXC,pandas
1239,1.1675278691504374,1.3357041730014898,22.996178629032293,5.0497104494606,EA,pandas
1239,0.35335636286835187,0.7629563686239709,2.6330508064516054,1.7984607757634616,EBAY,pandas
1239,0.7040698793088501,0.9748356598241752,7.75341471774208,2.9512276662464823,ECL,pandas
1239,0.49561193867676573,0.7823652341105044,2.577519354838715,1.8680533841487992,ED,pandas
1239,1.3404487411274213,1.762346266880315,3.852319959677321,2.3178170146503367,EFX,pandas
1239,0.5503954590734178,0.999084798879561,2.106347983870948,1.5840932512337036,EIX,pandas
1239,0.7907276880291516,1.1393487120143895,12.799866935483807,4.3457002984591835,EL,pandas
1239,0.6942891796746413,0.9459068808531309,1.9050665322580307,1.7924594762401507,EMN,pandas
1239,0.49281385229055596,0.8134146855421567,0.8021112903225834,1.1212493584797363,EMR,pandas
1239,0.9787589012332616,1.1383808769158772,1.121664717741949,1.2150497486938894,EOG,pandas
1239,3.6590737833915865,2.250440533115134,52.086109677419394,7.643402570219493,EQIX,pandas
1239,0.39754381029599584,0.727845705496915,0.48032137096773064,0.7892940682523736,EQR,pandas
1239,0.8917521121272639,1.1916410920954028,0.9534221774193569,1.2368511579091646,EQT,pandas
1228,0.39273492604564675,0.7404546831528914,2.0787953252032887,1.6138761473609398,ES,pandas
1239,0.6481914573088894,0.9948828933252026,0.728769032258056,1.0369743645145282,ESRX,pandas
1239,1.7308900121205573,1.5266387214701271,12.08811149193552,3.8616140650534065,ESS,pandas
1239,0.4186198584550403,0.7711917743122827,5.785857056451634,2.8388841792508828,ETFC,pandas
1239,0.6241708591859434,0.9326974630275132,1.506585080645172,1.5336169454299047,ETN,pandas
1239,0.549874772463428,0.8359670322610191,0.6045497983870984,0.8772292544665405,ETR,pandas
277,0.8070653654795382,0.9900427705047544,4.009534821428565,2.050500267722084,EVHC,pandas
1239,1.047692125989925,1.2700785074698082,1.648879435483867,1.6208270537107645,EW,pandas
1239,0.28663817558107724,0.6171448020143744,0.9390570564515869,1.2094919948954632,EXC,pandas
1239,0.4278608408523987,0.8049108784576118,3.9613278225806225,2.305083876465679,EXPD,pandas
1239,1.5193570422475084,1.5341977284252373,7.440175806451686,3.1373245557265776,EXPE,pandas
1239,0.745797509396228,0.9943412755443511,0.9565086693548323,1.101396713166753,EXR,pandas
1239,0.10252736171648737,0.3869522197366908,0.30047328629031533,0.6465608677736756,F,pandas
1239,0.5211337109572115,0.8531843460076123,0.9971383064516124,1.2397796271919344,FAST,pandas
1239,1.3973600477215917,1.4287264525573027,29.14967983871,5.771611079207316,FB,pandas
1239,0.4957169955597333,0.8319186731094314,2.286796774193602,1.8023564441445508,FBHS,pandas
1239,0.259212831125842,0.599662931994101,0.31582439516128935,0.6483374945472096,FCX,pandas
1239,1.7567094180153815,1.5495855793104427,22.365533064516146,5.554186645910831,FDX,pandas
1239,0.2600242800609095,0.6190997874904647,0.4194618951612818,0.7458597988670874,FE,pandas
1239,1.2428958606534903,1.3618885926991722,1.493906350806455,1.4389418446413944,FFIV,pandas
1239,0.506260825828316,0.8533739998807695,9.397476209677396,3.323662872234292,FIS,pandas
1239,0.7354441700221506,1.0451785473776556,15.207073790322617,4.065421567144056,FISV,pandas
1239,0.2678736095125763,0.6004185679321016,1.364774596774184,1.4421656914883043,FITB,pandas
1239,0.8483545452198711,1.2715915479412019,1.043375201612912,1.3330233328847223,FL,pandas
1239,0.3918665618793721,0.7516178774981839,4.723910887096766,2.637054386547858,FLIR,pandas
1239,0.6009144793943719,1.0880037196016017,1.0942772177419438,1.3463789749872128,FLR,pandas
1239,0.5303837633894758,0.8921759714672878,0.6454422298387077,0.9472775385623009,FLS,pandas
1239,0.8498773721304564,1.1219365971333437,6.217892943548394,2.934694262530096,FMC,pandas
1149,0.357468251977255,0.7000656544749846,0.38878813043478494,0.7214473512084971,FOX,pandas
1149,0.3668397515177003,0.7182490542524457,0.3901851304347829,0.7304294296591544,FOXA,pandas
1239,1.1449793044249494,1.2170992613316622,1.3271885080645167,1.3294532340336493,FRT,pandas
1239,0.38934919421379244,0.7188572239681513,0.4506500000000007,0.7704441573431268,FTI,pandas
384,0.577630908054829,0.9104993412263558,1.4266162337662525,1.3594016437129035,FTV,pandas
1239,1.4458919858558075,1.4376390445148715,15.40382036290346,4.165014029170641,GD,pandas
1239,0.24142273256748878,0.5820139748790761,1.372632056451614,1.5430301761903567,GE,pandas
1239,0.2769454735234542,0.6390049290771519,0.3112578629032227,0.6620544278470796,GGP,pandas
1239,0.7074261462004862,1.0185710005059803,0.9569587762096738,1.1307713640705817,GILD,pandas
1239,0.4761117383636526,0.8141577864522752,0.550537500000002,0.858762461505981,GIS,pandas
1239,0.25161768619745145,0.6164515749912354,3.4099328629032515,1.9867849280030152,GLW,pandas
1239,0.38374030864971276,0.7320806732495307,1.2049199596774425,1.3586147952762038,GM,pandas
955,8.350952340754455,3.466965020079884,75.21013298429166,10.087887829625187,GOOG,pandas
1239,7.502016699251499,3.3282918833022843,131.63826854838686,12.479868755298213,GOOGL,pandas
1239,0.8100002575014676,1.077660851000048,0.8721292338709735,1.1147737602104366,GPC,pandas
1239,0.8001085398960943,1.0488911249514086,14.983332661290385,4.178408248092273,GPN,pandas
1239,0.39744273327689134,0.740829718470144,0.5753147177419393,0.914569301953233,GPS,pandas
1239,0.452714970893686,0.8020937188272595,0.7068062500000097,1.035307968915809,GRMN,pandas
1239,2.2567804052594904,1.7545758117592942,7.137278225806459,3.067245711759697,GS,pandas
1239,0.32891647077535147,0.6948901553993827,0.703768749999987,0.9490393980064856,GT,pandas
1239,2.6491905271727183,2.1728756849098176,9.957192943548389,3.7100766994740932,GWW,pandas
1239,0.5610284321294141,0.8901592055596805,0.6635249999999999,0.9480553463025868,HAL,pandas
1239,0.9434799645180661,1.247827223770976,4.053726814516162,2.4417241249398036,HAS,pandas
1239,0.13536486346910703,0.4270764693860734,0.4792405241935514,0.8611114705371951,HBAN,pandas
1239,0.2658629634069354,0.6035977836576639,0.33746517137096466,0.6659902272131655,HBI,pandas
1239,0.8643483403339818,1.0941458735648635,1.4484243951613105,1.416263852469026,HCA,pandas
1239,0.508307602041531,0.8219692150629813,0.6142298387096821,0.8866710369586286,HCN,pandas
1239,0.27209030942359475,0.6024133318639439,1.014196975806447,1.2308071190359733,HCP,pandas
1239,1.1824476324609647,1.3025465619493775,22.65929133064538,5.277774280151718,HD,pandas
1239,0.7457067259463238,0.9785083698290353,1.17390201612904,1.20377417462944,HES,pandas
1239,0.37630900373012216,0.7223995462173476,4.4523647177419585,2.322815643353042,HIG,pandas
1239,2.0730458520784016,1.7740049577201218,17.936923790322705,4.823803266533433,HII,pandas
256,0.7496149474283834,0.9852292370858515,5.714011538461625,2.5930054098668034,HLT,pandas
1239,0.6255247613870407,0.9251103576393633,0.769053225806447,0.9937068394634935,HOG,pandas
1239,0.36197983608589185,0.7340421183183654,1.3074047379032059,1.3133275530709336,HOLX,pandas
1239,0.7922523838397153,1.0542900006240756,16.702630241935655,4.445085849336925,HON,pandas
1239,0.8702787190037814,1.0553999081698886,1.0309691532258103,1.1516171034250593,HP,pandas
561,0.2482709808145387,0.694268161718991,0.3226548672566376,0.7249382592165697,HPE,pandas
561,0.1811902492775409,0.5331848554439249,2.1219924778760912,1.5615490775092877,HPQ,pandas
1239,0.3528713749126694,0.7293965372599222,0.5763181451612779,0.8783953783195076,HRB,pandas
1239,0.2903210473692475,0.6489214965835913,0.44453104838709273,0.773342552411177,HRL,pandas
1239,0.9024507986021796,1.1619198081318816,18.12778387096782,4.81773477937184,HRS,pandas
1239,0.767997046919234,1.0754614217844982,1.573806653225828,1.510114401401912,HSIC,pandas
1239,0.1772025077535504,0.4928480503656536,0.20241713709677506,0.5158593869744127,HST,pandas
1239,0.7435834551224164,1.0205634637961591,2.127038306451604,1.8495733555809626,HSY,pandas
1239,2.1947931196636388,1.7506588683768132,34.26301975806424,6.237493686628835,HUM,pandas
1239,1.0663655521191933,1.3100439066545884,1.3014602822580674,1.3691098937937427,IBM,pandas
1234,0.5373449233904162,0.9066957052430661,7.153173400809656,2.9287408663869527,ICE,pandas
1239,1.5514970986125554,1.499429238101867,18.301533266128732,4.518726456690306,IDXX,pandas
1239,1.0837826892643756,1.2146633251911378,4.3700004032259425,2.530486462617737,IFF,pandas
1239,2.258191718372546,1.8391976154862857,3.047942318548385,2.130962188822842,ILMN,pandas
1239,2.0694171933000147,1.7084517907760541,4.9163276209677305,2.6526276718017425,INCY,pandas
897,0.3393404921508369,0.7242279726805418,1.498506111111134,1.3806901739764166,INFO,pandas
1239,0.35015892479427535,0.7631645458707548,2.9168535322580174,2.2094651269655445,INTC,pandas
1239,1.0053667346323154,1.263415228202197,21.9831743951615,5.117733186710487,INTU,pandas
1239,0.4862513703282656,0.8005065808757774,1.1948084677419561,1.4114181167762778,IP,pandas
1239,0.23469322535742357,0.605988375925217,0.364462701612892,0.6984518774177414,IPG,pandas
1177,0.7734511894641738,1.0241580309346505,14.566109745762775,4.111423302004517,IQV,pandas
1239,0.7334409118599624,1.021473238739204,6.264268548387211,2.6902109262086347,IR,pandas
1239,0.3345298430417445,0.6834604256376352,0.4385530241935528,0.7514318542519776,IRM,pandas
1239,3.167623052839617,2.203514037030267,92.63084490322619,10.359687355196836,ISRG,pandas
1239,1.0009028370995334,1.189255551541176,16.67377883064521,4.303323916064038,IT,pandas
1239,0.9931218777976085,1.2007623909689216,19.41446209677415,4.821148372257311,ITW,pandas
1239,0.3076049343712196,0.6548769587432871,0.37136935483870775,0.6994511688771207,IVZ,pandas
1239,0.9588452782519956,1.123723301099522,5.331582560483848,2.9353813948449536,JBHT,pandas
1239,0.3775354715253319,0.7328801167581871,0.4301364495967747,0.7910008757562247,JCI,pandas
1239,0.5406683121643449,0.9024019708031902,1.1216588709677315,1.31611217113974,JEC,pandas
1239,0.7974864627750164,1.0944319523491153,8.822675604838647,3.293446798577232,JNJ,pandas
1239,0.2858767005279945,0.6571986208263874,0.3526604838709621,0.7013958050462561,JNPR,pandas
1239,0.7176821511111152,1.002484112307782,8.996222983871098,3.4944913581594816,JPM,pandas
1239,0.7096166028117187,1.0048042800625328,1.3922564516129228,1.320644070499949,JWN,pandas
1239,0.5865894071244502,0.9026505623226344,0.6575094758064561,0.9451337136931257,K,pandas
1239,0.1907914537078034,0.5087254324191702,0.8436903225806321,1.1310905752294864,KEY,pandas
635,0.5439957919135403,0.8719667240563379,0.715137401574791,0.9627872362773872,KHC,pandas
1239,0.24207576039602824,0.5693190276983123,1.0452655241935527,1.222524101311182,KIM,pandas
1239,1.2975733896170616,1.3298643812388362,13.290601814516172,3.8523006207127453,KLAC,pandas
1239,0.9262286517666498,1.112196034020342,1.076312701612903,1.1960723508460018,KMB,pandas
1239,0.18210803879755452,0.493603213304368,0.40667923387096705,0.714534257438757,KMI,pandas
1239,0.7418458853965688,1.0118037070105426,1.173541129032246,1.2473498741411857,KMX,pandas
1239,0.22067857989173714,0.5462611455930709,0.3181433467741932,0.6844756071624164,KO,pandas
1239,0.5184166253428262,0.9590242369428482,0.8486290322580599,1.1165118135861127,KORS,pandas
1239,0.3465720807141841,0.7652195024286991,0.6572534274193533,1.0494866052933165,KR,pandas
1239,0.7095503022167203,0.9855160419133927,0.8630717741935454,1.0907268028399004,KSS,pandas
1239,0.9421738811692199,1.1426875473233014,1.1677772177419368,1.2507741382337403,KSU,pandas
1239,0.2743155703254847,0.6255660368156583,0.7277743951612886,1.0958294792794612,L,pandas
1239,0.9018779156396123,1.1878281560584296,1.8782580645161433,1.667983992808006,LB,pandas
1239,0.3964403439271548,0.7574242123999381,0.4631385080645188,0.7946066630514157,LEG,pandas
1239,0.5789308351410234,0.8984176822991033,3.2808253165322885,2.396755289661414,LEN,pandas
1239,1.1805935837106754,1.3346045157036759,12.903291330645333,3.970200991700557,LH,pandas
1239,0.2968570677427644,0.6310097884159717,1.5180078629032292,1.6068140107869,LKQ,pandas
1239,1.3800575455424715,1.3708849976385922,17.78930060483845,4.735253047219219,LLL,pandas
1239,0.6108342483931808,0.9311454144128849,0.7074310483870925,0.9699654653302776,LLY,pandas
1239,1.8657485254196449,1.6156707921016398,34.07958487903221,6.414802613714365,LMT,pandas
1239,0.7166718792763064,0.9926052735991414,3.472902822580635,2.2269290501108707,LNC,pandas
1239,0.2856299872002862,0.5945591239470701,1.5740579637096563,1.458125046162745,LNT,pandas
1239,0.8220705061198076,1.1010969730166318,3.537187500000041,2.6472304458700817,LOW,pandas
1239,2.4306431105222095,1.8428293730663936,48.644146975806436,7.488296748800424,LRCX,pandas
1239,0.21456609835705737,0.5513657835595316,0.25637802419354805,0.5839613446841029,LUK,pandas
1239,0.63230844047256,0.9272977840656988,3.6574592741935867,2.2134543804064735,LUV,pandas
1239,0.9038096161642072,1.1478242285551516,1.2813749999999962,1.4035627755625797,LYB,pandas
1239,0.44059604247167655,0.8118146883133002,5.752608266129033,2.5839423665454753,M,pandas
1239,0.9782177752796182,1.1756945433277894,24.505676411290423,5.4766643598238325,MA,pandas
1239,0.6809719145704711,0.9827733522458443,0.8973604838709694,1.0709875816567067,MAA,pandas
1239,0.7517236441471944,1.0141758150556486,0.9952745967741874,1.157236569651037,MAC,pandas
1239,0.9476395159877522,1.1670926800275856,22.66949778225804,5.2832104138642,MAR,pandas
1239,0.32996407849621884,0.658406354255535,3.016278427419378,2.0151989325377517,MAS,pandas
1239,0.3168961294905426,0.7114072435742427,2.6507509072580415,1.8851326833946482,MAT,pandas
1239,0.8985915362215094,1.1714839091983846,24.942918951612974,5.3707310032422235,MCD,pandas
1239,0.8813871255095459,1.1419446881327724,12.62505262096778,3.818629321401661,MCHP,pandas
1239,1.7276347229436455,1.5634648790668018,2.252357862903221,1.7633545507965294,MCK,pandas
1239,0.9994734238900267,1.19650262957758,20.097783064516086,5.039486984317293,MCO,pandas
1239,0.3154360093849199,0.6841794726047516,0.3852657258064518,0.7173305423399582,MDLZ,pandas
1239,0.5602648298124524,0.8961871275914073,0.8042713709677392,1.0039072250759118,MDT,pandas
1239,0.4835432064065898,0.8640774486493376,0.5522167338709671,0.9039274026684099,MET,pandas
1239,0.3953438523663982,0.7253946556349699,2.7725223790322695,1.8377234700178964,MGM,pandas
1239,1.7003028893746688,1.5067829230159404,34.614804435484125,6.226789308136068,MHK,pandas
1239,0.785996345534073,1.0779559190067787,1.0127014112902941,1.1812331565140661,MKC,pandas
1239,2.784286184151697,1.9074230528408116,4.007949798387105,2.261453688676888,MLM,pandas
1239,0.46906637907615123,0.8147992308048535,7.956608870967874,2.978943393769939,MMC,pandas
1239,1.348655018268231,1.470905512754728,33.695305241935706,6.207546799425906,MMM,pandas
1239,0.44473663412756786,0.8280409915938192,3.783914425403203,2.433323666992882,MNST,pandas
1239,0.5042307095724231,0.891680303772635,1.243384274193561,1.3296924178693628,MO,pandas
1239,0.4376660007061122,0.7688468465644891,0.5713266129032222,0.8477878521889477,MON,pandas
1239,0.3514597954121823,0.6892594963163434,1.3682143145161447,1.363770316607425,MOS,pandas
1239,0.6860673767700743,1.1353174315822265,3.161758870967746,2.3115346357476985,MPC,pandas
1239,0.4880883615696528,1.0307263444978456,0.745636895161312,1.1029257434064228,MRK,pandas
1239,0.2775081916087469,0.6996968977714138,0.3776270161290324,0.7431795629209166,MRO,pandas
1239,0.4602934597173767,0.7892842393227906,3.4329951612903087,2.2038791780167584,MS,pandas
1239,0.537530607930391,0.9085030475694972,10.311513306451735,3.6235329729148655,MSFT,pandas
1239,0.7098959165810272,0.9893788276358677,4.891947782258019,2.5412605085188793,MSI,pandas
1239,1.3892158915428594,1.3850957288182133,4.6762199596774545,2.661870732938736,MTB,pandas
1239,4.585103441490843,2.555625668658036,124.12953971774228,11.79988132935219,MTD,pandas
1239,0.6442677549388367,0.9566908753236455,3.208078461693555,2.2305431594542062,MU,pandas
1239,0.5236616282335876,0.8799976680819794,0.6958487903225795,0.987257025381679,MYL,pandas
940,0.22411427526161865,0.5705212576760932,0.26677566489361737,0.6049054404863687,NAVI,pandas
1239,0.44392315214284234,0.7774923349427387,1.1295290322580689,1.2717401220749271,NBL,pandas
1239,0.6528602048512125,0.9351532170186488,0.7200977822580673,0.9773983602333816,NCLH,pandas
1239,0.4506228754127596,0.7961323692450846,3.0460207661290477,2.071757085862033,NDAQ,pandas
1239,0.9142132151614328,1.1198126459535838,15.409945362903066,4.240743646277732,NEE,pandas
1239,0.3954632987917319,0.7295483911471101,0.5903578629032286,0.8701246428564192,NEM,pandas
1239,2.3860579374965503,1.9536461925896362,33.18980161290312,6.660847122974466,NFLX,pandas
1239,0.5785756985984221,0.8949292542820123,0.6749165322580668,0.9581839894607839,NFX,pandas
1239,0.19114386410676065,0.4960106486297209,0.2971985887096694,0.6121581597252899,NI,pandas
1239,0.5328570438955104,0.9030754593341812,0.6503607862903232,0.9870979551204248,NKE,pandas
1239,0.4240498752346444,0.7493722612631382,0.8105854838709355,1.0073990795254655,NLSN,pandas
1239,1.8290611643496502,1.6417013876551374,31.57099879032231,6.417600401568919,NOC,pandas
1239,0.46687370282497903,0.7858924677609337,0.5854352822580641,0.8758925935905553,NOV,pandas
1239,0.3504270772584128,0.7357758995999887,0.5380983870967729,0.924212065422704,NRG,pandas
1239,1.2904050950297228,1.471737077586285,7.8607020161291565,3.5125244882966524,NSC,pandas
1239,0.49417146022772523,0.8997241263236433,3.5932861290322586,2.6309008636843894,NTAP,pandas
1239,0.782422912688328,1.0652655496794168,4.658325403225848,2.600887995218001,NTRS,pandas
1239,0.6810186532077027,0.9750014439569099,1.1574562499999819,1.2816062270730337,NUE,pandas
1239,2.837029603583826,2.0495329361167474,51.39967822580641,7.948427284110747,NVDA,pandas
1239,0.6267887961903198,1.256106601307798,0.7115679435483905,1.2724325176492748,NWL,pandas
1149,0.13504830703045576,0.42585522553913574,0.17172173913043567,0.4656555371978017,NWS,pandas
1149,0.12391300830458118,0.4146856599906987,0.15951776086956593,0.4562006461231605,NWSA,pandas
1221,0.46818637682142894,0.7853365094309389,0.5859836734693918,0.8895596987320358,O,pandas
1239,0.5907313787698372,0.8957829872829,0.6637929435483899,0.9443071286602267,OKE,pandas
1239,0.6438746276752798,0.9524448935644527,0.7195750000000017,0.9785142898706412,OMC,pandas
1237,0.3705194248397592,0.7732160562941328,2.9060804435483933,1.879823499912496,ORCL,pandas
1239,2.999446023141328,2.1763894543723503,3.9020225806451587,2.4003952377205517,ORLY,pandas
1239,0.5605369862526284,0.881753882197723,1.6167860887096237,1.4282113793394,OXY,pandas
1239,0.4629853518662306,0.7865922511717284,2.112793548387061,1.8131210246024043,PAYX,pandas
1239,0.14326664286203925,0.44101449463254844,0.4030957661290274,0.7098876025282785,PBCT,pandas
1239,0.6625149202150048,0.9605015848743851,1.712735282258093,1.630907642881553,PCAR,pandas
1239,0.49281959168335376,0.9547128698144186,2.578755645161285,1.7939061656835193,PCG,pandas
1239,14.676172927467295,5.151825439073154,197.38865907258207,14.711655128732774,PCLN,pandas
1239,0.4539131907182557,0.803547826763411,0.6720359879032275,0.998716153841311,PDCO,pandas
1239,0.3174426942263683,0.6402337335913124,1.5592018145161481,1.5610301817847079,PEG,pandas
1239,0.592045507116096,0.8872261858943125,5.863007661290327,2.575976931157405,PEP,pandas
1239,0.19543477049060784,0.5537262506247266,0.2653084677419396,0.637394466477831,PFE,pandas
1239,0.5191948224920081,0.8772793708912374,4.798984677419317,2.4227930396707476,PFG,pandas
1239,0.4587041020826506,0.8222190822546109,0.6527850806451646,0.9218288296985319,PG,pandas
1239,0.32723203411017693,0.6772005814884647,9.088953830645185,3.2689088967891773,PGR,pandas
1239,1.424308497881096,1.3948072073109705,21.428466733871094,5.216336393585214,PH,pandas
1239,0.31942624852258344,0.6452908738170682,3.5877048387096706,2.302295903363021,PHM,pandas
1239,0.9440071662389673,1.1440676438080597,16.165563104838654,4.360778204251405,PKG,pandas
1239,0.494977930076482,0.8584296331923371,11.449341129032188,3.649412991869482,PKI,pandas
1239,0.4880572251871313,0.8056021373666794,6.455247580645136,2.802910643247287,PLD,pandas
1239,0.8351053549460913,1.0592955640432726,9.95537036290331,3.386624368124965,PM,pandas
1239,1.0218680450679747,1.2017725737314748,8.864746370968009,3.5864171788087953,PNC,pandas
1239,0.5640129788166964,0.8996954483526278,0.6790284274193629,0.9521441522523677,PNR,pandas
1239,0.5338042764307862,0.8305908388578173,5.214564112903158,2.4404100322315263,PNW,pandas
1239,0.7900550864621249,1.090342372859945,0.9890559475806572,1.174780151547286,PPG,pandas
1239,0.2242083032614833,0.5416379262100895,0.44058266129030804,0.7747610315156794,PPL,pandas
1239,1.0253494277300157,1.276429669931992,2.339931854838655,1.7816347228659972,PRGO,pandas
1239,0.8990811701125513,1.1317811987973414,3.4205290322581385,2.2521177758945634,PRU,pandas
1239,1.7280619797780448,1.535297073499673,2.2372008064516398,1.7195323013407993,PSA,pandas
1239,0.6847477131568539,0.9613335795460909,2.5091399193548307,2.10601878110594,PSX,pandas
1239,1.109124848306133,1.2408684526651468,2.4981487903226234,2.1361746629102387,PVH,pandas
1239,0.37757422132781615,0.7063941369846191,0.8129840725806394,1.0423405857014028,PWR,pandas
1239,1.0427755109160122,1.2076850892232314,7.69773346774204,3.504544039081455,PX,pandas
1239,2.0710195908473232,1.7119218247169294,2.559976411290309,1.8471826587418596,PXD,pandas
635,0.8081194342872505,1.1496370814415715,11.741222047244005,3.7270711051002055,PYPL,pandas
1239,0.5505071276198781,0.9527995981607051,0.7108179032258136,1.04462436062378,QCOM,pandas
761,1.0350377906622736,1.2856862304123204,1.1769882352941123,1.305656200978577,QRVO,pandas
1239,1.183739199025178,1.279688326300723,15.072706653226033,4.219251018933363,RCL,pandas
1239,2.207301738947847,1.840914284486041,11.853676411290108,4.103332936696599,RE,pandas
1239,0.62999473760613,0.9199025586162387,0.695353225806442,0.9410599365581316,REG,pandas
1238,6.040487262313813,2.809988852164196,7.010680846774173,2.9941439062750494,REGN,pandas
1239,0.15600263397929143,0.45964620775297055,0.8956141129032137,1.2219411897740255,RF,pandas
1239,0.5003601764343337,0.8407904291346563,0.595646370967742,0.9077458744624186,RHI,pandas
1239,0.9217505773076476,1.1917607171631706,22.22566209677429,5.257033343153123,RHT,pandas
1239,0.7482096573610225,1.0187697090530885,5.902580645161347,2.8354383961749763,RJF,pandas
1239,1.0532452023342036,1.2246066835000693,3.4535046370967484,2.15400548341995,RL,pandas
1239,0.7404362772907475,1.1408989973147343,8.175906854838603,3.340782994047107,RMD,pandas
1239,1.47917589896782,1.4817220931084285,21.18448447580661,5.2182285599084315,ROK,pandas
1239,1.4763070149016806,1.4978958724364464,37.86713427419332,6.583712471471308,ROP,pandas
1239,0.6595006042698134,0.9978439987430577,2.9084060483870773,2.325172175210085,ROST,pandas
1239,0.4301444080820066,0.7463005941779651,3.2629582661290204,2.009337076318454,RRC,pandas
1239,0.3570225426490091,0.7279789182814226,6.158400201613056,2.5373876022394097,RSG,pandas
1239,1.1226218428776582,1.2698825875276016,23.81403205645168,5.33480376936417,RTN,pandas
1239,1.2786475562713908,1.3533222082833292,19.470396723790405,4.9757918690032295,SBAC,pandas
1239,0.43226936966155094,0.8046390712925114,0.5450571572580794,0.881521154008111,SBUX,pandas
1239,0.7383257244207975,1.075314273418128,1.3382114919354782,1.4450732870090126,SCG,pandas
1239,0.45407895950487737,0.7982740760985427,3.4501409274193358,2.3321840644640264,SCHW,pandas
1239,0.3563282626604876,0.7178704884333221,0.40914475806451445,0.7501877616896019,SEE,pandas
1239,2.709660113004375,1.9241049337029328,58.41036229838783,8.310425759132569,SHW,pandas
1239,1.2199271036091186,1.473695809534914,3.7554116935483646,2.323105366631455,SIG,pandas
1239,1.0049387628916542,1.2715082302351004,1.2153483870967703,1.3604802935731861,SJM,pandas
1239,0.6759175835730001,0.9415806912107344,0.9765038306451692,1.1158280277517982,SLB,pandas
1239,0.854678775956621,1.0594490164781818,0.9880133064516076,1.1464275497805483,SLG,pandas
1239,1.4238579146684156,1.4026456290382858,1.8678832661290419,1.588660065049712,SNA,pandas
1239,0.5978035853909097,1.0275242143412362,1.5083729838709752,1.4072907404403503,SNI,pandas
1239,0.5612024433052765,0.9076259609437037,13.818508669354877,3.931609782727268,SNPS,pandas
1239,0.3105432767555917,0.6308156597919802,0.34271229838709893,0.667778816461819,SO,pandas
1239,1.6314073551426787,1.4496761214015417,1.767743548387098,1.5093808303083762,SPG,pandas
1239,1.1494444513682711,1.3318234821452282,26.073699395161203,5.493638620220513,SPGI,pandas
1239,0.7625341095356652,1.054981712464559,2.184899999999983,1.7760059220473676,SRCL,pandas
1239,0.7327016433161035,1.0034632779501957,2.5226685483870788,1.8777900205946894,SRE,pandas
1239,0.5402600684052269,0.8669739995363092,2.512555241935477,2.0684832255569052,STI,pandas
1239,0.7999737477322435,1.0411164480068238,10.07806249999987,3.56038792681885,STT,pandas
1239,0.5941481882357725,1.015981889870864,0.756029717741933,1.060957941514773,STX,pandas
1239,1.3372843943635235,1.401725110517339,26.888859879032356,5.7193700470873745,STZ,pandas
1239,1.0374787297605865,1.1939165485300764,24.597881653225862,5.337824457124404,SWK,pandas
1239,1.2558812932652748,1.3304569265648232,1.4810347782258106,1.4033089009214255,SWKS,pandas
868,0.357742902750148,0.7003084322196467,0.7022181034482734,1.0254254400806595,SYF,pandas
1239,0.9840650900028639,1.236670369493142,20.930118951612748,4.814834142033018,SYK,pandas
1239,0.33633093879019826,0.684403919295935,1.3760723790322351,1.374569260225959,SYMC,pandas
1239,0.3951131871859295,0.7886135525626033,1.3623600806451595,1.5718264422766068,SYY,pandas
1239,0.30739897855729686,0.6672685073225403,0.3595194354838696,0.704457822039055,T,pandas
1239,0.6855962522915232,1.0026559136963824,0.9786717741935472,1.187844925751612,TAP,pandas
1239,2.844952157840912,1.9696772131120936,4.2760627016128625,2.565195042179736,TDG,pandas
1239,0.629625602728641,0.9161334796506858,8.905706653225927,3.5154524009237607,TEL,pandas
1239,0.7508555468310797,1.0924554974718457,2.018723991935457,1.6344986195477758,TGT,pandas
1239,0.9299191252829185,1.1404827112193303,1.1073187500000121,1.2074905956090134,TIF,pandas
1239,0.6123464249754184,0.9102143101074124,0.7051669354838678,0.9577166793183783,TJX,pandas
1239,0.4522456661198016,0.8075728493656349,5.592540524193508,2.7912523978991874,TMK,pandas
1239,1.4138336449180473,1.449444653048653,24.063445362903305,5.383421878747172,TMO,pandas
1239,0.44268707511428823,0.8830300519395747,0.5878425403225749,0.9376976447271792,TPR,pandas
1239,0.7421140087173727,1.0804801791706649,7.671824959677472,2.940631881505832,TRIP,pandas
1239,0.7714598032894951,1.043872099544159,5.8932601612902795,3.211969664709036,TROW,pandas
1239,0.8350973574658372,1.103998040878565,6.763635483870831,3.0598946110214347,TRV,pandas
1239,0.7965763258157262,1.054831078577526,1.0350166532257996,1.207241914228711,TSCO,pandas
1239,0.5823078770397521,0.9135884055370955,1.7932556451612889,1.696635672126509,TSN,pandas
1239,0.5054786773010677,0.8595721331001379,12.558539516129075,3.990866203269233,TSS,pandas
1239,0.48892483009030846,0.8869874246383348,3.667029637096723,2.0725443728990873,TWX,pandas
1239,0.7926084027782712,1.1259760664717962,11.220477419354774,3.936617163364539,TXN,pandas
1239,0.43273956023978405,0.7662389841119646,2.8389856854838853,2.0571292703280646,TXT,pandas
444,0.31427187148117913,0.7176848682645993,2.0629994382022496,1.5849471611759456,UA,pandas
1239,0.33581632628096636,0.7133427661777391,0.5091715725806474,0.8420337341774492,UAA,pandas
1239,0.9540886020150324,1.205597456966601,2.04784375000003,1.6973647822880515,UAL,pandas
1239,0.2471188601613419,0.5808823332933379,0.6438042338709773,0.9048478854251634,UDR,pandas
1239,1.1943001429305335,1.2904524329240725,1.3840661290322638,1.3513635445913315,UHS,pandas
1239,3.25679826434395,2.122029071091495,11.63510241935486,3.832009559661895,ULTA,pandas
1239,1.4334554037351708,1.4645727404741278,32.68343528225824,6.273846181872141,UNH,pandas
1239,0.39706239979821967,0.7506758280783967,2.8934780241935716,2.028525219747894,UNM,pandas
1239,1.0051616709651114,1.2155859662882764,3.2968455645161634,2.425303264983089,UNP,pandas
1239,0.8402469348938346,1.0984860284477505,2.0313554435484247,1.9898934924481493,UPS,pandas
1239,1.8131485836264178,1.5394127159048299,13.453569758064473,4.668444372124528,URI,pandas
1239,0.35474733449841384,0.694099154950286,0.8654951612903292,1.1108953638282737,USB,pandas
1239,0.774272319326322,1.0771228380565,2.129617540322574,2.016892929596242,UTX,pandas
1239,0.6572737064788394,0.977329597049221,16.261653830645063,4.395053555190936,V,pandas
1239,0.9045269426606636,1.2086487353371609,6.315810080645101,2.980212099947414,VAR,pandas
1239,0.5543868875367615,0.8711357539236844,0.8602386411290502,1.201376562544466,VFC,pandas
1239,0.5289055451320307,0.8730342953271204,3.2975405241935634,2.1333361835014952,VIAB,pandas
1239,0.6678415343122099,0.9302190132293816,5.615012701612869,3.084867077553701,VLO,pandas
1239,1.5177639786276491,1.3828104760473592,1.6743598790322605,1.4790148805275618,VMC,pandas
1239,0.7522359173851275,1.2342086374892347,2.7966487903225823,1.9522438193768494,VNO,pandas
1239,0.5697921711161189,0.9263554244981018,3.455189516129049,2.4004390167819687,VRSK,pandas
1239,0.7327520472308822,0.9855933417701711,10.31087036290315,3.6898323610902426,VRSN,pandas
1238,1.8806799937191025,1.7743012580938544,10.7025857862904,3.765031922729545,VRTX,pandas
1239,0.48359214780336446,0.80817795288059,0.5277356854838734,0.8436318440395666,VTR,pandas
1239,0.3779799537106464,0.7358862252923657,0.40684554435484066,0.7470348814816745,VZ,pandas
1239,1.4197288490645001,1.4228638874413044,25.19240221774177,5.427489107487326,WAT,pandas
1239,0.6978021043810692,0.9975142054620331,0.857774999999999,1.073936579754129,WBA,pandas
1239,1.2329099674430375,1.2788027934716755,1.4085232862903123,1.3488460128113833,WDC,pandas
1239,0.3840642734349304,0.6944319640727855,0.9888125000000147,1.2379283585544913,WEC,pandas
1239,0.47102671283855296,0.8418028027667289,1.112862096774208,1.4213485015439635,WFC,pandas
1239,1.6375497554446499,1.5892563539732676,2.037746774193578,1.661102392394197,WHR,pandas
508,1.0838348796167103,1.1993683794918912,5.879834313725447,2.6374258951187124,WLTW,pandas
1239,0.4088104727853288,0.8036463889745666,6.7300756048385875,2.9159562790811604,WM,pandas
1239,0.29181083257898466,0.6186617282576572,0.39117258064516003,0.7131849247301356,WMB,pandas
1239,0.6325838330229316,1.0267009155542244,3.263820564516111,2.461365404466446,WMT,pandas
642,0.5831496839713245,0.8875348920811376,1.6559124031008086,1.6223636442438885,WRK,pandas
1239,0.16229842776078424,0.4764422509003756,0.18575120967742112,0.4975966267326052,WU,pandas
1239,0.25855500013778904,0.5876620412413428,0.2977673387096789,0.6294138283119955,WY,pandas
1239,0.964307505495778,1.1868619029984708,11.792160685483795,3.837808661624513,WYN,pandas
1239,1.9000699094954268,1.7555623551979103,2.2121896572580573,1.829486129082499,WYNN,pandas
1239,1.3820392187211599,1.348795697578447,1.6926421370967721,1.4737934481216166,XEC,pandas
1239,0.2776944965963635,0.588069809338764,2.75057883064516,1.8535733024766177,XEL,pandas
1239,0.40431254762082136,0.7965048258302395,1.8938856854838424,1.625371680553906,XL,pandas
1239,0.6992392449670269,1.0021373003017167,7.2386802419355165,2.933631812798661,XLNX,pandas
1239,0.4984087045642713,0.8646711556653456,0.6814697580645239,0.9654413762938281,XOM,pandas
1239,0.5701987330743845,0.9145394042119541,1.115263104838741,1.2792463327760386,XRAY,pandas
1239,0.29729036326212155,0.6519468850213704,0.9542201612903206,1.0963440071074468,XRX,pandas
1239,0.4523873000352806,0.8049391099219511,7.330939314516096,3.1372642607737005,XYL,pandas
1239,0.4628871251224082,0.8324773086466812,0.7109943548387117,1.0326366095905481,YUM,pandas
1239,0.9942749897402515,1.2061125964491444,1.334186693548383,1.367173389522384,ZBH,pandas
1239,0.4774787515244624,0.792476720834519,3.270914516128984,2.1217697065319436,ZION,pandas
1239,0.45526813936579275,0.8211924286914066,8.346230241935539,3.2290701442518137,ZTS,pandas
1239,0.5097803731747372,0.8431495980961456,4.067069959677447,2.3938473866548393,A,polars
1239,0.6511356629345673,0.9479257992069728,0.8938794153225768,1.1157552045258639,AAL,polars
1239,1.7575604082042242,1.6775496872624445,2.4843943548387015,1.9153966012166925,AAP,polars
1239,1.301837611785143,1.3709449045973021,27.132145766129003,5.452122209945961,AAPL,polars
1239,0.8661940925998831,1.2648236027660043,11.765707661290357,4.217955117942491,ABBV,polars
1239,0.9256537561029066,1.1742834880173043,1.0703725806451692,1.227122703626179,ABC,polars
1239,0.36505569909185664,0.7309543692341466,2.5283020161290213,2.001376021281177,ABT,polars
1239,0.8599204922278925,1.085899046897044,13.011375403225697,4.246634331099866,ACN,polars
1239,1.411162738130408,1.5325059503203022,35.94353427419361,6.506912132199218,ADBE,polars
1239,0.8140408993516257,1.0687323782435836,7.057004032257946,2.93738598832154,ADI,polars
1239,0.342313201496342,0.7232991179662434,0.4236258064516074,0.7704545620151135,ADM,polars
1239,0.8977157146342633,1.1700207834180993,6.3182538306449905,2.9566086942217615,ADP,polars
1239,2.6215291507098146,1.9900673976939702,2.8540413306451407,2.0481720197838222,ADS,polars
1239,1.2417040042439955,1.4641543863545494,22.620563306451768,5.076108483691058,ADSK,polars
1239,0.3718790026493067,0.6901076279828479,4.556179838709687,2.329546150084436,AEE,polars
1239,0.4243534178725819,0.7336550872009662,2.070305645161251,1.7048839319004767,AEP,polars
1239,0.11136554660573253,0.3964836938918646,0.12833770161290278,0.4190567912076761,AES,polars
1239,1.2460053649792755,1.395819237021008,26.3402320564514,5.651739427868257,AET,polars
1239,0.4995382772115796,0.871505180432337,6.651429637096736,2.9112144173239365,AFL,polars
1239,2.1662895070365713,1.7051983189465654,3.2662272177419633,2.1133698438125577,AGN,polars
1239,0.4554634079177698,0.8306280974117667,0.5978455645161366,0.9086588832202354,AIG,polars
1239,0.29944382073004633,0.6264644716130537,0.355265524193556,0.663593757662852,AIV,polars
1239,0.813222402604576,1.1057406078615308,4.3110243951612865,2.308333373465384,AIZ,polars
1239,0.40282350901335,0.7670182521649184,4.8375296370968,2.463652915555375,AJG,polars
1239,0.602837418706416,1.0796658817049765,0.7847592883064507,1.1429561596080864,AKAM,polars
1239,1.4016326111868025,1.4141741184462846,23.891847983871145,5.2199192641020264,ALB,polars
1239,2.6123731791562497,2.1372865720923504,77.41900282258082,9.646159696851301,ALGN,polars
1239,1.030351046150108,1.2106924791365812,1.5101804435483996,1.407478179556555,ALK,polars
1239,0.5487232074202395,0.9075531239517172,12.191990524193534,3.7782539075760093,ALL,polars
1043,0.6625844894003031,0.9607047974790933,6.287058851674789,2.644999900528754,ALLE,polars
1239,1.8186802178035661,1.5620487769327245,2.01912743951613,1.6231050793972193,ALXN,polars
1239,0.6317037855678356,0.9414676902448865,11.428538709677458,3.623464357788282,AMAT,polars
1239,0.32142751650233214,0.6894132308246499,0.457305241935488,0.7710020068759934,AMD,polars
1239,0.45820881853268314,0.7916534456790167,8.294165322580662,3.2164932217722724,AME,polars
1239,1.5363740418820495,1.4847143473321671,2.1075848790322618,1.7203602984532544,AMG,polars
1239,1.4346356292551514,1.4447657331052621,4.99525302419363,2.7093951094206488,AMGN,polars
1239,1.4050196615914698,1.38454708084998,12.076795766128969,4.274541796518064,AMP,polars
1239,1.1020557652588352,1.209218700029245,18.215383669354843,4.529110306057756,AMT,polars
1239,9.56890516574617,3.888400407412739,196.12523608871084,15.521611590131593,AMZN,polars
1239,0.9869668258877816,1.138036025308009,1.2939479838709849,1.2877337267870481,ANDV,polars
1239,1.257082666778991,1.3665681997865482,31.725612298387087,5.983346125952092,ANSS,polars
1239,1.7272535013896915,1.5974737810826447,28.371480241935423,6.05686958787358,ANTM,polars
1239,0.848303184853431,1.0724811260116993,18.519365725806455,4.587321413236959,AON,polars
1239,0.43620657157323584,0.7713737159256902,6.968801108871032,2.8732416981668165,AOS,polars
1239,0.755638208990132,1.0112561909678628,0.9595887096774258,1.1310248783258456,APA,polars
1239,0.6607210971008968,0.9534039586741153,0.9101455645161352,1.0864950983843908,APC,polars
1239,0.9717567025546616,1.1871320993151493,3.2646489919354633,2.2888623806475437,APD,polars
1239,0.49899417385202355,0.8128130741799561,12.314435483871053,3.806160521547531,APH,polars
1239,0.7911073863882015,1.0446569160636718,7.6511227822580485,3.012638721201269,ARE,polars
1239,0.35328170595413744,0.7233968077570039,0.4278132056451606,0.7630873692928776,ARNC,polars
1239,0.7347659553672501,1.0085032316456752,14.814467137096763,4.0399971980508305,ATVI,polars
1239,1.1420294040514627,1.2638636264616638,2.128905241935382,1.70454454584285,AVB,polars
1239,2.903664941030073,1.997049360709717,38.94795645161317,6.5479564171524185,AVGO,polars
1239,0.6789052805007848,0.9946014319385797,16.657362298387064,4.610419169903051,AVY,polars
1239,0.5472945161049309,0.8643406240410151,1.9742326612903376,1.7814284852022573,AWK,polars
1239,0.5506349166518791,0.8980010754729572,1.1970864919354955,1.3730106225659986,AXP,polars
1239,2.558222776927764,2.0452007247091073,3.3515167338709917,2.2204897740623966,AYI,polars
1239,7.5189216087125015,3.30680711150016,9.127260282258185,3.6391182009133543,AZO,polars
1239,2.3665451510731894,1.9766503557690112,67.68980947580654,9.177586863139926,BA,polars
1239,0.24836956375280994,0.5923540771584874,2.5607048387096887,1.907049046267662,BAC,polars
1239,0.4401663363199588,0.7842943388458672,3.3256850806451483,1.9974896415917602,BAX,polars
1239,0.3755921515296128,0.7210206049291001,1.6060941532258002,1.5643810283821031,BBT,polars
1239,0.8964622168951354,1.1637398963814236,9.316599798387113,3.421834026155359,BBY,polars
1239,1.4803418000120605,1.5164905525047063,23.876884274193422,5.394315547975001,BDX,polars
1239,0.35791869359431944,0.7060272031695779,0.910365054435473,1.0322754463133483,BEN,polars
1239,0.4629926588191947,0.8549825557810328,3.0598627016128885,2.379351197311458,BF.B,polars
123,1.192724382668663,1.1730746478041225,2.034162000000079,1.5541413713130738,BHF,polars
132,0.7583257094903473,0.9571466446298896,0.9567185185185098,1.0741467959705973,BHGE,polars
1239,3.3549436402379444,2.155108385857192,3.855666155241967,2.255159466086557,BIIB,polars
1239,0.38938387785709344,0.736691050131907,3.5165749999999902,2.110172952939451,BK,polars
1239,3.5753036129840967,2.24011795592801,55.29608266129063,8.740146891707116,BLK,polars
1239,0.31335920197024336,0.6692983702828622,0.8280082661290182,1.0670086064821054,BLL,polars
1237,0.4993115396731136,0.8439697748392658,0.755477620967742,0.9984266940020905,BMY,polars
1239,1.0638199114264681,1.2891048483729652,15.773500806451645,4.553375982246704,BRK.B,polars
1239,0.2185611523873946,0.5749151474477222,1.8768758064515858,1.511928300458514,BSX,polars
1239,0.519430146858784,0.8411526287547527,0.6264504032258144,0.9032207554064694,BWA,polars
1239,0.9459340745884647,1.1407208163775842,1.0715780241935453,1.1870735416054743,BXP,polars
1239,0.592381310142861,0.8979713767511225,7.84101935483869,3.1437822969704623,C,polars
1239,0.24605714212530222,0.6743115826514502,0.3086288709677374,0.7154664517834394,CA,polars
1239,0.2937081184202266,0.6302906003043871,0.3512995967741946,0.691647509549869,CAG,polars
1239,0.737636581513115,1.078614372248502,1.0377510080645085,1.2303177278127015,CAH,polars
1239,1.1031299169544988,1.2789890392131358,15.230405040322614,4.888306973381762,CAT,polars
1239,0.9373756373826246,1.144776500870759,12.221595161290407,3.655346515061695,CB,polars
1239,0.3519504417379467,0.6799002496189638,1.7570397177419195,1.6855061628564605,CBG,polars
1239,0.7583636725076377,1.1335173316318652,22.935587701612942,5.3717383560146486,CBOE,polars
1239,0.691074851867998,0.9417708135515666,0.8670405241935498,1.050672475990401,CBS,polars
1239,0.767268431184209,1.0267529018770047,4.041494354838639,2.4069069057777157,CCI,polars
1239,0.5423338232793475,0.850930257726326,8.485917540322625,3.062817886733431,CCL,polars
1239,0.32466528286329643,0.6904761963359736,7.898394959677429,3.046015395159857,CDNS,polars
1239,1.3416045835697612,1.502335684533343,3.058110175403231,2.1615417375621155,CELG,polars
1239,0.5941829807523222,0.9426708196988869,0.7123982661290358,1.017876837027514,CERN,polars
1239,0.575491203180155,0.8874454791864095,0.7043377016129035,0.9624922030564999,CF,polars
830,0.40905947315933167,0.7316981191868066,1.9591283132529786,1.8194006086546153,CFG,polars
1239,0.33611001840451044,0.6826135068904013,0.7336932459677499,1.040912326260544,CHD,polars
1239,0.1128948359915085,0.38376139519453073,0.21928528225806343,0.5123965301675105,CHK,polars
1239,0.6677729558683189,0.9667792166216804,3.9995492943548365,2.5984761291163663,CHRW,polars
1239,3.871621380002273,2.3469318744923915,23.761920766129077,5.702007074185854,CHTR,polars
1239,1.4940775956604142,1.4792971213697195,19.55120504032241,5.129484191375263,CI,polars
1239,0.5543675777908115,0.8806139579977976,0.6939955645161314,0.9691648154370711,CINF,polars
1239,0.47767425037066197,0.8479866477997826,0.7069848790322546,1.004853141691322,CL,polars
1239,1.0058996386121406,1.196770974631893,2.340263911290298,1.9388384838918267,CLX,polars
1239,0.7667617171854358,1.0203433640169415,8.370587903225617,3.3741903444256813,CMA,polars
1239,0.3856590843387161,0.7209007763163054,1.6309954637096662,1.4715724322563648,CMCSA,polars
1239,0.9454558665943222,1.1567694759877287,11.470916532258164,4.037998975724548,CME,polars
1239,4.940280294919818,2.6827825469236974,15.445773145161295,4.594463168852067,CMG,polars
1239,1.370785981290841,1.3938943632729246,8.467359072580638,3.463617903976709,CMI,polars
1239,0.2768653165406801,0.5913685123787747,1.565165120967699,1.4226181717938724,CMS,polars
1239,1.116640764230897,1.2427848368279344,10.862159274193548,3.8685404436436044,CNC,polars
1239,0.18823189775595922,0.4890957190501555,1.908305846774201,1.4507284471461428,CNP,polars
1239,0.8490512602262805,1.0768166121178406,3.7890542338709343,2.5524187544511956,COF,polars
1239,0.3163246477697846,0.6516488717647138,0.3684673387096756,0.7012600469001898,COG,polars
1239,0.991176239575737,1.4599249054506136,20.88511552419354,5.089707003980477,COL,polars
1239,2.147011157395104,1.7984378319395362,38.79526552419338,6.570248640081107,COO,polars
1239,0.5866646993698355,0.9601427882209659,0.6808348790322579,0.9979670854517341,COP,polars
1239,1.4678567458414196,1.501887603323828,5.918814012096904,3.0674162011082924,COST,polars
1153,0.2343211077400748,0.5977725089864059,0.29976645021644954,0.6570643549845788,COTY,polars
1239,0.5115848595815181,0.8876192638379886,0.6520792338709617,0.9647758157022458,CPB,polars
1239,0.7252609159902988,0.9946040066200816,11.49320020161294,3.811987017689666,CRM,polars
1239,0.2539459807740519,0.6257013454668628,2.9371497983870944,2.0418016508404446,CSCO,polars
541,0.3405226465564773,0.681737845750368,0.34340642201835125,0.6939592557257921,CSRA,polars
1239,0.5915584784194972,0.8983255062681471,4.393227217741962,2.2981132628690086,CSX,polars
1239,1.0238223424381117,1.2555969855325635,17.99893427419362,4.811120667741941,CTAS,polars
1239,0.3165018808165886,0.6654517292606097,3.134240927419365,2.0821346826729834,CTL,polars
1239,0.47289387569756935,0.8025911676195043,2.871136794354846,1.979717084802553,CTSH,polars
1239,0.6964850610876792,1.0178669882475067,1.0837425403225682,1.4369335308543165,CTXS,polars
1239,0.7661259689637494,1.0713711140982665,0.8297506048387054,1.0808101883371186,CVS,polars
1239,0.8510871111032536,1.1200470439891361,1.026548971774182,1.1977130762212629,CVX,polars
1239,1.5346138097479047,1.4492901336275494,2.9895852822580378,2.208203247698926,CXO,polars
1239,0.4836672792477176,0.810184764859276,1.5626014112903805,1.5247078664383622,D,polars
1239,0.5728977572721842,0.889020463302051,1.6841788306451648,1.6095517883894017,DAL,polars
1239,1.1224611933320647,1.2803214530929896,18.91107701612901,5.070496286909214,DE,polars
1239,0.5868429942441817,0.8907162119444741,1.5044812500000238,1.5672854359588153,DFS,polars
1239,0.8436386646275781,1.0693027603212986,1.2817455645161393,1.4527472825692607,DG,polars
1239,0.6420239850135299,1.0067607260519829,8.849224798387096,3.245126025811815,DGX,polars
1239,0.3932169787615133,0.7297405316246345,5.937298588709663,2.981367615833054,DHI,polars
1221,0.5417316344535484,0.9112088862068665,0.9554830612244937,1.4213908703109175,DHR,polars
1239,0.7827383152801859,1.0602055283914333,0.9194580645161329,1.1168870780574618,DIS,polars
1239,0.3322040705756425,0.6811361876442312,2.171859677419367,1.801734476012,DISCA,polars
1239,0.3174135559640358,0.6689832954563935,2.083901209677408,1.7647772151333896,DISCK,polars
1239,0.6517897923912287,0.9616878587786419,0.732478427419353,0.9995084305410332,DISH,polars
1239,1.1005780738346291,1.2491789769852735,6.053754637096569,2.7082728303899506,DLR,polars
1239,0.8909160258746249,1.1014728805204224,3.5014923387096624,2.4954807174328444,DLTR,polars
1239,0.7532653043033514,1.0337948979507328,1.9406754032257598,1.841316683048109,DOV,polars
1239,0.6227220167860589,1.2606033358841653,1.3699405241935458,1.999754737705089,DPS,polars
1239,0.20247770151387973,0.5104761132779653,0.45903225806453196,0.7624676923871194,DRE,polars
1239,0.7889925307824117,1.0740369293367096,8.226101008064395,3.1803886754727446,DRI,polars
1239,0.618746070053288,0.8957862397311758,8.89044475806467,3.1372375030277926,DTE,polars
1239,0.46565882073969933,0.7688094742420346,0.6460288306451527,0.9040281743679451,DUK,polars
1239,0.7232517733071897,1.104594305004863,0.7760552419354823,1.1192307859998156,DVA,polars
1239,0.5635114212953619,0.8632908034168113,0.7400006048387097,0.9739850228043793,DVN,polars
89,1.202054077591727,1.242458386856716,1.5646527777777142,1.3336731621828168,DWDP,polars
195,0.7229888256710149,1.0130645476260975,2.798728205128124,1.8647391912990374,DXC,polars
1239,1.1675278691504374,1.3357041730014898,22.996178629032336,5.049710449460605,EA,polars
1239,0.35335636286835187,0.7629563686239709,2.633050806451612,1.7984607757634632,EBAY,polars
1239,0.7040698793088501,0.9748356598241752,7.753414717742083,2.9512276662464827,ECL,polars
1239,0.49561193867676573,0.7823652341105044,2.5775193548387176,1.8680533841488,ED,polars
1239,1.3404487411274213,1.762346266880315,3.8523199596773248,2.317817014650337,EFX,polars
1239,0.5503954590734178,0.999084798879561,2.1063479838709442,1.5840932512337023,EIX,polars
1239,0.7907276880291516,1.1393487120143895,12.799866935483827,4.345700298459186,EL,polars
1239,0.6942891796746413,0.9459068808531309,1.905066532258043,1.7924594762401556,EMN,polars
1239,0.49281385229055596,0.8134146855421567,0.8021112903225837,1.121249358479736,EMR,polars
1239,0.9787589012332616,1.1383808769158772,1.1216647177419512,1.2150497486938907,EOG,polars
1239,3.6590737833915865,2.250440533115134,52.086109677419465,7.643402570219499,EQIX,polars
1239,0.39754381029599584,0.727845705496915,0.4803213709677308,0.7892940682523736,EQR,polars
1239,0.8917521121272639,1.1916410920954028,0.9534221774193582,1.236851157909165,EQT,polars
1228,0.39273492604564675,0.7404546831528914,2.0787953252032874,1.6138761473609398,ES,polars
1239,0.6481914573088894,0.9948828933252026,0.7287690322580567,1.0369743645145277,ESRX,polars
1239,1.7308900121205573,1.5266387214701271,12.0881114919355,3.861614065053404,ESS,polars
1239,0.4186198584550403,0.7711917743122827,5.785857056451634,2.8388841792508823,ETFC,polars
1239,0.6241708591859434,0.9326974630275132,1.5065850806451715,1.533616945429905,ETN,polars
1239,0.549874772463428,0.8359670322610191,0.6045497983870978,0.8772292544665405,ETR,polars
277,0.8070653654795382,0.9900427705047544,4.009534821428551,2.0505002677220814,EVHC,polars
1239,1.047692125989925,1.2700785074698082,1.6488794354838623,1.620827053710763,EW,polars
1239,0.28663817558107724,0.6171448020143744,0.9390570564515843,1.209491994895462,EXC,polars
1239,0.4278608408523987,0.8049108784576118,3.961327822580618,2.305083876465678,EXPD,polars
1239,1.5193570422475084,1.5341977284252373,7.440175806451662,3.137324555726573,EXPE,polars
1239,0.745797509396228,0.9943412755443511,0.9565086693548343,1.101396713166754,EXR,polars
1239,0.10252736171648737,0.3869522197366908,0.30047328629031506,0.6465608677736755,F,polars
1239,0.5211337109572115,0.8531843460076123,0.9971383064516113,1.2397796271919332,FAST,polars
1239,1.3973600477215917,1.4287264525573027,29.149679838709996,5.771611079207316,FB,polars
1239,0.4957169955597333,0.8319186731094314,2.2867967741936073,1.8023564441445528,FBHS,polars
1239,0.259212831125842,0.599662931994101,0.31582439516128896,0.6483374945472092,FCX,polars
1239,1.7567094180153815,1.5495855793104427,22.365533064516207,5.554186645910836,FDX,polars
1239,0.2600242800609095,0.6190997874904647,0.41946189516128135,0.7458597988670869,FE,polars
1239,1.2428958606534903,1.3618885926991722,1.4939063508064478,1.4389418446413942,FFIV,polars
1239,0.506260825828316,0.8533739998807695,9.3974762096774,3.3236628722342925,FIS,polars
1239,0.7354441700221506,1.0451785473776556,15.207073790322621,4.065421567144056,FISV,polars
1239,0.2678736095125763,0.6004185679321016,1.3647745967741858,1.4421656914883054,FITB,polars
1239,0.8483545452198711,1.2715915479412019,1.0433752016129112,1.3330233328847223,FL,polars
1239,0.3918665618793721,0.7516178774981839,4.723910887096761,2.6370543865478573,FLIR,polars
1239,0.6009144793943719,1.0880037196016017,1.0942772177419449,1.346378974987213,FLR,polars
1239,0.5303837633894758,0.8921759714672878,0.6454422298387061,0.9472775385622999,FLS,polars
1239,0.8498773721304564,1.1219365971333437,6.217892943548396,2.9346942625300962,FMC,polars
1149,0.357468251977255,0.7000656544749846,0.38878813043478433,0.7214473512084971,FOX,polars
1149,0.3668397515177003,0.7182490542524457,0.39018513043478237,0.7304294296591539,FOXA,polars
1239,1.1449793044249494,1.2170992613316622,1.3271885080645163,1.3294532340336491,FRT,polars
1239,0.38934919421379244,0.7188572239681513,0.45065000000000094,0.770444157343127,FTI,polars
384,0.577630908054829,0.9104993412263558,1.4266162337662465,1.3594016437129024,FTV,polars
1239,1.4458919858558075,1.4376390445148715,15.40382036290347,4.165014029170642,GD,polars
1239,0.24142273256748878,0.5820139748790761,1.372632056451611,1.5430301761903553,GE,polars
1239,0.2769454735234542,0.6390049290771519,0.31125786290322255,0.6620544278470794,GGP,polars
1239,0.7074261462004862,1.0185710005059803,0.9569587762096738,1.1307713640705817,GILD,polars
1239,0.4761117383636526,0.8141577864522752,0.5505375000000032,0.8587624615059812,GIS,polars
1239,0.25161768619745145,0.6164515749912354,3.409932862903251,1.9867849280030152,GLW,polars
1239,0.38374030864971276,0.7320806732495307,1.2049199596774403,1.3586147952762027,GM,polars
955,8.350952340754455,3.466965020079884,75.21013298429168,10.087887829625187,GOOG,polars
1239,7.502016699251499,3.3282918833022843,131.63826854838683,12.479868755298215,GOOGL,polars
1239,0.8100002575014676,1.077660851000048,0.8721292338709732,1.1147737602104368,GPC,polars
1239,0.8001085398960943,1.0488911249514086,14.983332661290392,4.178408248092274,GPN,polars
1239,0.39744273327689134,0.740829718470144,0.5753147177419384,0.9145693019532323,GPS,polars
1239,0.452714970893686,0.8020937188272595,0.7068062500000101,1.035307968915809,GRMN,polars
1239,2.2567804052594904,1.7545758117592942,7.137278225806458,3.0672457117596994,GS,polars
1239,0.32891647077535147,0.6948901553993827,0.7037687499999867,0.9490393980064862,GT,polars
1239,2.6491905271727183,2.1728756849098176,9.957192943548389,3.7100766994740937,GWW,polars
1239,0.5610284321294141,0.8901592055596805,0.6635249999999996,0.9480553463025865,HAL,polars
1239,0.9434799645180661,1.247827223770976,4.053726814516163,2.4417241249398045,HAS,polars
1239,0.13536486346910703,0.4270764693860734,0.4792405241935511,0.8611114705371947,HBAN,polars
1239,0.2658629634069354,0.6035977836576639,0.33746517137096477,0.6659902272131657,HBI,polars
1239,0.8643483403339818,1.0941458735648635,1.448424395161311,1.416263852469026,HCA,polars
1239,0.508307602041531,0.8219692150629813,0.6142298387096832,0.886671036958629,HCN,polars
1239,0.27209030942359475,0.6024133318639439,1.014196975806445,1.2308071190359713,HCP,polars
1239,1.1824476324609647,1.3025465619493775,22.6592913306453,5.277774280151712,HD,polars
1239,0.7457067259463238,0.9785083698290353,1.1739020161290414,1.2037741746294404,HES,polars
1239,0.37630900373012216,0.7223995462173476,4.452364717741964,2.3228156433530427,HIG,polars
1239,2.0730458520784016,1.7740049577201218,17.936923790322762,4.823803266533438,HII,polars
256,0.7496149474283834,0.9852292370858515,5.714011538461639,2.593005409866805,HLT,polars
1239,0.6255247613870407,0.9251103576393633,0.769053225806448,0.9937068394634945,HOG,polars
1239,0.36197983608589185,0.7340421183183654,1.3074047379032157,1.313327553070938,HOLX,polars
1239,0.7922523838397153,1.0542900006240756,16.70263024193567,4.445085849336927,HON,polars
1239,0.8702787190037814,1.0553999081698886,1.03096915322581,1.1516171034250595,HP,polars
561,0.2482709808145387,0.694268161718991,0.3226548672566376,0.7249382592165694,HPE,polars
561,0.1811902492775409,0.5331848554439249,2.1219924778760917,1.5615490775092877,HPQ,polars
1239,0.3528713749126694,0.7293965372599222,0.5763181451612795,0.8783953783195084,HRB,polars
1239,0.2903210473692475,0.6489214965835913,0.4445310483870942,0.7733425524111781,HRL,polars
1239,0.9024507986021796,1.1619198081318816,18.127783870967836,4.817734779371841,HRS,polars
1239,0.767997046919234,1.0754614217844982,1.5738066532258286,1.5101144014019119,HSIC,polars
1239,0.1772025077535504,0.4928480503656536,0.2024171370967751,0.5158593869744129,HST,polars
1239,0.7435834551224164,1.0205634637961591,2.1270383064516,1.8495733555809626,HSY,polars
1239,2.1947931196636388,1.7506588683768132,34.26301975806419,6.237493686628831,HUM,polars
1239,1.0663655521191933,1.3100439066545884,1.3014602822580692,1.3691098937937443,IBM,polars
1234,0.5373449233904162,0.9066957052430661,7.1531734008096715,2.928740866386955,ICE,polars
1239,1.5514970986125554,1.499429238101867,18.30153326612875,4.518726456690309,IDXX,polars
1239,1.0837826892643756,1.2146633251911378,4.37000040322594,2.5304864626177372,IFF,polars
1239,2.258191718372546,1.8391976154862857,3.0479423185483845,2.1309621888228416,ILMN,polars
1239,2.0694171933000147,1.7084517907760541,4.916327620967738,2.6526276718017434,INCY,polars
897,0.3393404921508369,0.7242279726805418,1.4985061111111488,1.3806901739764228,INFO,polars
1239,0.35015892479427535,0.7631645458707548,2.916853532258017,2.209465126965544,INTC,polars
1239,1.0053667346323154,1.263415228202197,21.98317439516151,5.117733186710488,INTU,polars
1239,0.4862513703282656,0.8005065808757774,1.194808467741954,1.4114181167762765,IP,polars
1239,0.23469322535742357,0.605988375925217,0.3644627016128921,0.6984518774177415,IPG,polars
1177,0.7734511894641738,1.0241580309346505,14.566109745762787,4.1114233020045186,IQV,polars
1239,0.7334409118599624,1.021473238739204,6.264268548387215,2.6902109262086356,IR,polars
1239,0.3345298430417445,0.6834604256376352,0.43855302419355174,0.7514318542519769,IRM,polars
1239,3.167623052839617,2.203514037030267,92.63084490322613,10.359687355196835,ISRG,polars
1239,1.0009028370995334,1.189255551541176,16.67377883064524,4.303323916064041,IT,polars
1239,0.9931218777976085,1.2007623909689216,19.41446209677414,4.82114837225731,ITW,polars
1239,0.3076049343712196,0.6548769587432871,0.37136935483870814,0.6994511688771208,IVZ,polars
1239,0.9588452782519956,1.123723301099522,5.331582560483857,2.9353813948449554,JBHT,polars
1239,0.3775354715253319,0.7328801167581871,0.4301364495967761,0.7910008757562256,JCI,polars
1239,0.5406683121643449,0.9024019708031902,1.1216588709677362,1.3161121711397428,JEC,polars
1239,0.7974864627750164,1.0944319523491153,8.822675604838658,3.293446798577234,JNJ,polars
1239,0.2858767005279945,0.6571986208263874,0.35266048387096066,0.7013958050462554,JNPR,polars
1239,0.7176821511111152,1.002484112307782,8.996222983871103,3.494491358159483,JPM,polars
1239,0.7096166028117187,1.0048042800625328,1.392256451612921,1.320644070499948,JWN,polars
1239,0.5865894071244502,0.9026505623226344,0.657509475806457,0.9451337136931269,K,polars
1239,0.1907914537078034,0.5087254324191702,0.8436903225806319,1.1310905752294862,KEY,polars
635,0.5439957919135403,0.8719667240563379,0.7151374015747909,0.9627872362773858,KHC,polars
1239,0.24207576039602824,0.5693190276983123,1.0452655241935547,1.222524101311183,KIM,polars
1239,1.2975733896170616,1.3298643812388362,13.290601814516178,3.8523006207127457,KLAC,polars
1239,0.9262286517666498,1.112196034020342,1.0763127016129024,1.1960723508460014,KMB,polars
1239,0.18210803879755452,0.493603213304368,0.4066792338709659,0.7145342574387559,KMI,polars
1239,0.7418458853965688,1.0118037070105426,1.1735411290322488,1.2473498741411873,KMX,polars
1239,0.22067857989173714,0.5462611455930709,0.31814334677419187,0.6844756071624158,KO,polars
1239,0.5184166253428262,0.9590242369428482,0.8486290322580603,1.1165118135861134,KORS,polars
1239,0.3465720807141841,0.7652195024286991,0.6572534274193546,1.049486605293317,KR,polars
1239,0.7095503022167203,0.9855160419133927,0.8630717741935456,1.0907268028399009,KSS,polars
1239,0.9421738811692199,1.1426875473233014,1.1677772177419359,1.2507741382337396,KSU,polars
1239,0.2743155703254847,0.6255660368156583,0.7277743951612905,1.0958294792794632,L,polars
1239,0.9018779156396123,1.1878281560584296,1.8782580645161413,1.6679839928080051,LB,polars
1239,0.3964403439271548,0.7574242123999381,0.46313850806451773,0.7946066630514144,LEG,polars
1239,0.5789308351410234,0.8984176822991033,3.2808253165322876,2.3967552896614133,LEN,polars
1239,1.1805935837106754,1.3346045157036759,12.903291330645333,3.970200991700557,LH,polars
1239,0.2968570677427644,0.6310097884159717,1.5180078629032274,1.6068140107868987,LKQ,polars
1239,1.3800575455424715,1.3708849976385922,17.789300604838456,4.73525304721922,LLL,polars
1239,0.6108342483931808,0.9311454144128849,0.707431048387093,0.9699654653302769,LLY,polars
1239,1.8657485254196449,1.6156707921016398,34.079584879032225,6.414802613714365,LMT,polars
1239,0.7166718792763064,0.9926052735991414,3.472902822580634,2.22692905011087,LNC,polars
1239,0.2856299872002862,0.5945591239470701,1.5740579637096566,1.458125046162745,LNT,polars
1239,0.8220705061198076,1.1010969730166318,3.5371875000000457,2.6472304458700826,LOW,polars
1239,2.4306431105222095,1.8428293730663936,48.644146975806436,7.488296748800424,LRCX,polars
1239,0.21456609835705737,0.5513657835595316,0.25637802419354727,0.5839613446841024,LUK,polars
1239,0.63230844047256,0.9272977840656988,3.6574592741935894,2.213454380406474,LUV,polars
1239,0.9038096161642072,1.1478242285551516,1.281374999999998,1.4035627755625812,LYB,polars
1239,0.44059604247167655,0.8118146883133002,5.752608266129039,2.583942366545476,M,polars
1239,0.9782177752796182,1.1756945433277894,24.505676411290434,5.476664359823834,MA,polars
1239,0.6809719145704711,0.9827733522458443,0.8973604838709635,1.0709875816567052,MAA,polars
1239,0.7517236441471944,1.0141758150556486,0.9952745967741855,1.1572365696510365,MAC,polars
1239,0.9476395159877522,1.1670926800275856,22.669497782258073,5.283210413864203,MAR,polars
1239,0.32996407849621884,0.658406354255535,3.0162784274193757,2.015198932537751,MAS,polars
1239,0.3168961294905426,0.7114072435742427,2.650750907258038,1.8851326833946471,MAT,polars
1239,0.8985915362215094,1.1714839091983846,24.94291895161298,5.370731003242224,MCD,polars
1239,0.8813871255095459,1.1419446881327724,12.625052620967791,3.8186293214016627,MCHP,polars
1239,1.7276347229436455,1.5634648790668018,2.2523578629032217,1.7633545507965291,MCK,polars
1239,0.9994734238900267,1.19650262957758,20.097783064516086,5.039486984317293,MCO,polars
1239,0.3154360093849199,0.6841794726047516,0.3852657258064535,0.717330542339959,MDLZ,polars
1239,0.5602648298124524,0.8961871275914073,0.804271370967742,1.0039072250759127,MDT,polars
1239,0.4835432064065898,0.8640774486493376,0.5522167338709685,0.9039274026684111,MET,polars
1239,0.3953438523663982,0.7253946556349699,2.772522379032282,1.8377234700179002,MGM,polars
1239,1.7003028893746688,1.5067829230159404,34.61480443548414,6.22678930813607,MHK,polars
1239,0.785996345534073,1.0779559190067787,1.012701411290291,1.1812331565140652,MKC,polars
1239,2.784286184151697,1.9074230528408116,4.007949798387115,2.2614536886768914,MLM,polars
1239,0.46906637907615123,0.8147992308048535,7.956608870967876,2.9789433937699394,MMC,polars
1239,1.348655018268231,1.470905512754728,33.69530524193571,6.207546799425906,MMM,polars
1239,0.44473663412756786,0.8280409915938192,3.7839144254032013,2.433323666992882,MNST,polars
1239,0.5042307095724231,0.891680303772635,1.243384274193558,1.3296924178693605,MO,polars
1239,0.4376660007061122,0.7688468465644891,0.5713266129032185,0.8477878521889466,MON,polars
1239,0.3514597954121823,0.6892594963163434,1.3682143145161418,1.363770316607424,MOS,polars
1239,0.6860673767700743,1.1353174315822265,3.1617588709677458,2.311534635747699,MPC,polars
1239,0.4880883615696528,1.0307263444978456,0.7456368951613104,1.102925743406423,MRK,polars
1239,0.2775081916087469,0.6996968977714138,0.377627016129032,0.7431795629209166,MRO,polars
1239,0.4602934597173767,0.7892842393227906,3.432995161290303,2.203879178016757,MS,polars
1239,0.537530607930391,0.9085030475694972,10.311513306451744,3.623532972914867,MSFT,polars
1239,0.7098959165810272,0.9893788276358677,4.891947782257995,2.541260508518875,MSI,polars
1239,1.3892158915428594,1.3850957288182133,4.676219959677456,2.6618707329387354,MTB,polars
1239,4.585103441490843,2.555625668658036,124.12953971774243,11.799881329352196,MTD,polars
1239,0.6442677549388367,0.9566908753236455,3.2080784616935554,2.2305431594542067,MU,polars
1239,0.5236616282335876,0.8799976680819794,0.6958487903225792,0.9872570253816781,MYL,polars
940,0.22411427526161865,0.5705212576760932,0.26677566489361726,0.6049054404863687,NAVI,polars
1239,0.44392315214284234,0.7774923349427387,1.129529032258067,1.2717401220749258,NBL,polars
1239,0.6528602048512125,0.9351532170186488,0.7200977822580682,0.9773983602333822,NCLH,polars
1239,0.4506228754127596,0.7961323692450846,3.046020766129049,2.0717570858620333,NDAQ,polars
1239,0.9142132151614328,1.1198126459535838,15.409945362903107,4.240743646277737,NEE,polars
1239,0.3954632987917319,0.7295483911471101,0.5903578629032279,0.8701246428564189,NEM,polars
1239,2.3860579374965503,1.9536461925896362,33.189801612903096,6.660847122974465,NFLX,polars
1239,0.5785756985984221,0.8949292542820123,0.6749165322580674,0.9581839894607841,NFX,polars
1239,0.19114386410676065,0.4960106486297209,0.29719858870966814,0.612158159725289,NI,polars
1239,0.5328570438955104,0.9030754593341812,0.6503607862903226,0.9870979551204244,NKE,polars
1239,0.4240498752346444,0.7493722612631382,0.8105854838709374,1.0073990795254661,NLSN,polars
1239,1.8290611643496502,1.6417013876551374,31.570998790322275,6.417600401568916,NOC,polars
1239,0.46687370282497903,0.7858924677609337,0.5854352822580635,0.8758925935905552,NOV,polars
1239,0.3504270772584128,0.7357758995999887,0.5380983870967739,0.9242120654227043,NRG,polars
1239,1.2904050950297228,1.471737077586285,7.860702016129151,3.512524488296651,NSC,polars
1239,0.49417146022772523,0.8997241263236433,3.5932861290322595,2.63090086368439,NTAP,polars
1239,0.782422912688328,1.0652655496794168,4.658325403225824,2.600887995217995,NTRS,polars
1239,0.6810186532077027,0.9750014439569099,1.1574562499999808,1.2816062270730315,NUE,polars
1239,2.837029603583826,2.0495329361167474,51.39967822580638,7.948427284110745,NVDA,polars
1239,0.6267887961903198,1.256106601307798,0.711567943548391,1.2724325176492748,NWL,polars
1149,0.13504830703045576,0.42585522553913574,0.17172173913043587,0.4656555371978017,NWS,polars
1149,0.12391300830458118,0.4146856599906987,0.15951776086956623,0.4562006461231608,NWSA,polars
1221,0.46818637682142894,0.7853365094309389,0.5859836734693918,0.8895596987320357,O,polars
1239,0.5907313787698372,0.8957829872829,0.6637929435483895,0.9443071286602261,OKE,polars
1239,0.6438746276752798,0.9524448935644527,0.7195750000000033,0.9785142898706418,OMC,polars
1237,0.3705194248397592,0.7732160562941328,2.9060804435483854,1.8798234999124945,ORCL,polars
1239,2.999446023141328,2.1763894543723503,3.902022580645155,2.4003952377205504,ORLY,polars
1239,0.5605369862526284,0.881753882197723,1.6167860887096328,1.4282113793394045,OXY,polars
1239,0.4629853518662306,0.7865922511717284,2.112793548387062,1.8131210246024048,PAYX,polars
1239,0.14326664286203925,0.44101449463254844,0.4030957661290262,0.7098876025282777,PBCT,polars
1239,0.6625149202150048,0.9605015848743851,1.712735282258092,1.6309076428815534,PCAR,polars
1239,0.49281959168335376,0.9547128698144186,2.578755645161281,1.7939061656835182,PCG,polars
1239,14.676172927467295,5.151825439073154,197.38865907258185,14.711655128732769,PCLN,polars
1239,0.4539131907182557,0.803547826763411,0.6720359879032259,0.9987161538413106,PDCO,polars
1239,0.3174426942263683,0.6402337335913124,1.5592018145161464,1.5610301817847072,PEG,polars
1239,0.592045507116096,0.8872261858943125,5.863007661290357,2.5759769311574106,PEP,polars
1239,0.19543477049060784,0.5537262506247266,0.2653084677419403,0.6373944664778316,PFE,polars
1239,0.5191948224920081,0.8772793708912374,4.798984677419316,2.4227930396707476,PFG,polars
1239,0.4587041020826506,0.8222190822546109,0.6527850806451695,0.9218288296985345,PG,polars
1239,0.32723203411017693,0.6772005814884647,9.088953830645195,3.2689088967891786,PGR,polars
1239,1.424308497881096,1.3948072073109705,21.42846673387106,5.216336393585212,PH,polars
1239,0.31942624852258344,0.6452908738170682,3.5877048387096613,2.302295903363019,PHM,polars
1239,0.9440071662389673,1.1440676438080597,16.165563104838654,4.360778204251405,PKG,polars
1239,0.494977930076482,0.8584296331923371,11.449341129032197,3.649412991869483,PKI,polars
1239,0.4880572251871313,0.8056021373666794,6.455247580645145,2.802910643247289,PLD,polars
1239,0.8351053549460913,1.0592955640432726,9.955370362903333,3.3866243681249677,PM,polars
1239,1.0218680450679747,1.2017725737314748,8.864746370968009,3.5864171788087953,PNC,polars
1239,0.5640129788166964,0.8996954483526278,0.6790284274193638,0.9521441522523683,PNR,polars
1239,0.5338042764307862,0.8305908388578173,5.214564112903164,2.440410032231527,PNW,polars
1239,0.7900550864621249,1.090342372859945,0.989055947580661,1.174780151547287,PPG,polars
1239,0.2242083032614833,0.5416379262100895,0.44058266129030893,0.77476103151568,PPL,polars
1239,1.0253494277300157,1.276429669931992,2.3399318548386607,1.781634722865999,PRGO,polars
1239,0.8990811701125513,1.1317811987973414,3.420529032258133,2.252117775894562,PRU,polars
1239,1.7280619797780448,1.535297073499673,2.2372008064516438,1.7195323013408015,PSA,polars
1239,0.6847477131568539,0.9613335795460909,2.5091399193548334,2.10601878110594,PSX,polars
1239,1.109124848306133,1.2408684526651468,2.49814879032262,2.1361746629102374,PVH,polars
1239,0.37757422132781615,0.7063941369846191,0.8129840725806409,1.0423405857014036,PWR,polars
1239,1.0427755109160122,1.2076850892232314,7.697733467742056,3.5045440390814573,PX,polars
1239,2.0710195908473232,1.7119218247169294,2.5599764112903065,1.8471826587418583,PXD,polars
635,0.8081194342872505,1.1496370814415715,11.741222047244001,3.7270711051002055,PYPL,polars
1239,0.5505071276198781,0.9527995981607051,0.7108179032258141,1.0446243606237804,QCOM,polars
761,1.0350377906622736,1.2856862304123204,1.176988235294112,1.3056562009785768,QRVO,polars
1239,1.183739199025178,1.279688326300723,15.07270665322603,4.219251018933362,RCL,polars
1239,2.207301738947847,1.840914284486041,11.85367641129006,4.103332936696593,RE,polars
1239,0.62999473760613,0.9199025586162387,0.6953532258064419,0.9410599365581322,REG,polars
1238,6.040487262313813,2.809988852164196,7.010680846774165,2.9941439062750472,REGN,polars
1239,0.15600263397929143,0.45964620775297055,0.8956141129032132,1.2219411897740253,RF,polars
1239,0.5003601764343337,0.8407904291346563,0.5956463709677424,0.9077458744624188,RHI,polars
1239,0.9217505773076476,1.1917607171631706,22.225662096774283,5.257033343153123,RHT,polars
1239,0.7482096573610225,1.0187697090530885,5.902580645161353,2.8354383961749776,RJF,polars
1239,1.0532452023342036,1.2246066835000693,3.4535046370967537,2.154005483419951,RL,polars
1239,0.7404362772907475,1.1408989973147343,8.175906854838592,3.3407829940471054,RMD,polars
1239,1.47917589896782,1.4817220931084285,21.184484475806613,5.218228559908432,ROK,polars
1239,1.4763070149016806,1.4978958724364464,37.86713427419334,6.583712471471309,ROP,polars
1239,0.6595006042698134,0.9978439987430577,2.90840604838708,2.325172175210086,ROST,polars
1239,0.4301444080820066,0.7463005941779651,3.262958266129016,2.009337076318453,RRC,polars
1239,0.3570225426490091,0.7279789182814226,6.158400201613039,2.537387602239406,RSG,polars
1239,1.1226218428776582,1.2698825875276016,23.8140320564517,5.334803769364172,RTN,polars
1239,1.2786475562713908,1.3533222082833292,19.470396723790415,4.97579186900323,SBAC,polars
1239,0.43226936966155094,0.8046390712925114,0.5450571572580788,0.8815211540081112,SBUX,polars
1239,0.7383257244207975,1.075314273418128,1.3382114919354768,1.4450732870090124,SCG,polars
1239,0.45407895950487737,0.7982740760985427,3.4501409274193375,2.332184064464027,SCHW,polars
1239,0.3563282626604876,0.7178704884333221,0.409144758064517,0.7501877616896038,SEE,polars
1239,2.709660113004375,1.9241049337029328,58.41036229838778,8.310425759132565,SHW,polars
1239,1.2199271036091186,1.473695809534914,3.755411693548362,2.323105366631454,SIG,polars
1239,1.0049387628916542,1.2715082302351004,1.2153483870967683,1.360480293573185,SJM,polars
1239,0.6759175835730001,0.9415806912107344,0.9765038306451671,1.1158280277517976,SLB,polars
1239,0.854678775956621,1.0594490164781818,0.9880133064516049,1.1464275497805478,SLG,polars
1239,1.4238579146684156,1.4026456290382858,1.8678832661290405,1.5886600650497122,SNA,polars
1239,0.5978035853909097,1.0275242143412362,1.5083729838709738,1.4072907404403499,SNI,polars
1239,0.5612024433052765,0.9076259609437037,13.818508669354843,3.9316097827272642,SNPS,polars
1239,0.3105432767555917,0.6308156597919802,0.342712298387097,0.667778816461818,SO,polars
1239,1.6314073551426787,1.4496761214015417,1.7677435483870996,1.5093808303083776,SPG,polars
1239,1.1494444513682711,1.3318234821452282,26.073699395161203,5.493638620220512,SPGI,polars
1239,0.7625341095356652,1.054981712464559,2.184899999999985,1.7760059220473678,SRCL,polars
1239,0.7327016433161035,1.0034632779501957,2.5226685483870877,1.8777900205946907,SRE,polars
1239,0.5402600684052269,0.8669739995363092,2.5125552419354835,2.0684832255569066,STI,polars
1239,0.7999737477322435,1.0411164480068238,10.078062499999882,3.560387926818852,STT,polars
1239,0.5941481882357725,1.015981889870864,0.7560297177419321,1.060957941514773,STX,polars
1239,1.3372843943635235,1.401725110517339,26.88885987903238,5.719370047087376,STZ,polars
1239,1.0374787297605865,1.1939165485300764,24.597881653225834,5.337824457124401,SWK,polars
1239,1.2558812932652748,1.3304569265648232,1.4810347782258109,1.403308900921426,SWKS,polars
868,0.357742902750148,0.7003084322196467,0.7022181034482721,1.0254254400806584,SYF,polars
1239,0.9840650900028639,1.236670369493142,20.930118951612712,4.814834142033014,SYK,polars
1239,0.33633093879019826,0.684403919295935,1.37607237903224,1.374569260225961,SYMC,polars
1239,0.3951131871859295,0.7886135525626033,1.3623600806451597,1.5718264422766057,SYY,polars
1239,0.30739897855729686,0.6672685073225403,0.35951943548386966,0.7044578220390557,T,polars
1239,0.6855962522915232,1.0026559136963824,0.9786717741935477,1.187844925751612,TAP,polars
1239,2.844952157840912,1.9696772131120936,4.276062701612876,2.5651950421797385,TDG,polars
1239,0.629625602728641,0.9161334796506858,8.905706653225923,3.5154524009237598,TEL,polars
1239,0.7508555468310797,1.0924554974718457,2.0187239919354667,1.6344986195477802,TGT,polars
1239,0.9299191252829185,1.1404827112193303,1.1073187500000135,1.207490595609014,TIF,polars
1239,0.6123464249754184,0.9102143101074124,0.7051669354838674,0.9577166793183777,TJX,polars
1239,0.4522456661198016,0.8075728493656349,5.592540524193487,2.791252397899185,TMK,polars
1239,1.4138336449180473,1.449444653048653,24.063445362903305,5.383421878747173,TMO,polars
1239,0.44268707511428823,0.8830300519395747,0.5878425403225749,0.9376976447271793,TPR,polars
1239,0.7421140087173727,1.0804801791706649,7.671824959677471,2.940631881505832,TRIP,polars
1239,0.7714598032894951,1.043872099544159,5.893260161290275,3.211969664709035,TROW,polars
1239,0.8350973574658372,1.103998040878565,6.763635483870804,3.059894611021431,TRV,polars
1239,0.7965763258157262,1.054831078577526,1.0350166532258014,1.2072419142287114,TSCO,polars
1239,0.5823078770397521,0.9135884055370955,1.7932556451612858,1.6966356721265072,TSN,polars
1239,0.5054786773010677,0.8595721331001379,12.558539516129073,3.9908662032692326,TSS,polars
1239,0.48892483009030846,0.8869874246383348,3.667029637096737,2.072544372899091,TWX,polars
1239,0.7926084027782712,1.1259760664717962,11.220477419354765,3.9366171633645375,TXN,polars
1239,0.43273956023978405,0.7662389841119646,2.838985685483891,2.057129270328066,TXT,polars
444,0.31427187148117913,0.7176848682645993,2.0629994382022514,1.584947161175946,UA,polars
1239,0.33581632628096636,0.7133427661777391,0.5091715725806483,0.8420337341774499,UAA,polars
1239,0.9540886020150324,1.205597456966601,2.047843750000023,1.6973647822880482,UAL,polars
1239,0.2471188601613419,0.5808823332933379,0.6438042338709806,0.9048478854251656,UDR,polars
1239,1.1943001429305335,1.2904524329240725,1.3840661290322616,1.3513635445913297,UHS,polars
1239,3.25679826434395,2.122029071091495,11.635102419354856,3.832009559661894,ULTA,polars
1239,1.4334554037351708,1.4645727404741278,32.68343528225824,6.27384618187214,UNH,polars
1239,0.39706239979821967,0.7506758280783967,2.8934780241935703,2.028525219747894,UNM,polars
1239,1.0051616709651114,1.2155859662882764,3.2968455645161603,2.4253032649830875,UNP,polars
1239,0.8402469348938346,1.0984860284477505,2.0313554435484344,1.9898934924481524,UPS,polars
1239,1.8131485836264178,1.5394127159048299,13.453569758064482,4.6684443721245295,URI,polars
1239,0.35474733449841384,0.694099154950286,0.8654951612903272,1.1108953638282737,USB,polars
1239,0.774272319326322,1.0771228380565,2.129617540322575,2.016892929596242,UTX,polars
1239,0.6572737064788394,0.977329597049221,16.26165383064503,4.395053555190932,V,polars
1239,0.9045269426606636,1.2086487353371609,6.315810080645109,2.9802120999474155,VAR,polars
1239,0.5543868875367615,0.8711357539236844,0.860238641129051,1.2013765625444657,VFC,polars
1239,0.5289055451320307,0.8730342953271204,3.2975405241935634,2.1333361835014952,VIAB,polars
1239,0.6678415343122099,0.9302190132293816,5.615012701612864,3.0848670775537,VLO,polars
1239,1.5177639786276491,1.3828104760473592,1.6743598790322576,1.4790148805275611,VMC,polars
1239,0.7522359173851275,1.2342086374892347,2.7966487903225925,1.952243819376852,VNO,polars
1239,0.5697921711161189,0.9263554244981018,3.4551895161290442,2.400439016781967,VRSK,polars
1239,0.7327520472308822,0.9855933417701711,10.310870362903147,3.689832361090242,VRSN,polars
1238,1.8806799937191025,1.7743012580938544,10.70258578629041,3.765031922729547,VRTX,polars
1239,0.48359214780336446,0.80817795288059,0.5277356854838742,0.8436318440395667,VTR,polars
1239,0.3779799537106464,0.7358862252923657,0.4068455443548403,0.7470348814816743,VZ,polars
1239,1.4197288490645001,1.4228638874413044,25.192402217741765,5.427489107487326,WAT,polars
1239,0.6978021043810692,0.9975142054620331,0.8577749999999968,1.0739365797541285,WBA,polars
1239,1.2329099674430375,1.2788027934716755,1.408523286290311,1.3488460128113828,WDC,polars
1239,0.3840642734349304,0.6944319640727855,0.9888125000000225,1.2379283585544962,WEC,polars
1239,0.47102671283855296,0.8418028027667289,1.1128620967742062,1.4213485015439635,WFC,polars
1239,1.6375497554446499,1.5892563539732676,2.0377467741935797,1.661102392394198,WHR,polars
508,1.0838348796167103,1.1993683794918912,5.879834313725483,2.6374258951187186,WLTW,polars
1239,0.4088104727853288,0.8036463889745666,6.730075604838586,2.915956279081161,WM,polars
1239,0.29181083257898466,0.6186617282576572,0.3911725806451606,0.7131849247301354,WMB,polars
1239,0.6325838330229316,1.0267009155542244,3.263820564516107,2.461365404466444,WMT,polars
642,0.5831496839713245,0.8875348920811376,1.655912403100807,1.6223636442438876,WRK,polars
1239,0.16229842776078424,0.4764422509003756,0.1857512096774216,0.49759662673260563,WU,polars
1239,0.25855500013778904,0.5876620412413428,0.297767338709679,0.6294138283119952,WY,polars
1239,0.964307505495778,1.1868619029984708,11.792160685483804,3.8378086616245137,WYN,polars
1239,1.9000699094954268,1.7555623551979103,2.2121896572580564,1.8294861290824986,WYNN,polars
1239,1.3820392187211599,1.348795697578447,1.6926421370967764,1.4737934481216186,XEC,polars
1239,0.2776944965963635,0.588069809338764,2.750578830645162,1.853573302476618,XEL,polars
1239,0.40431254762082136,0.7965048258302395,1.8938856854838473,1.6253716805539076,XL,polars
1239,0.6992392449670269,1.0021373003017167,7.238680241935528,2.933631812798663,XLNX,polars
1239,0.4984087045642713,0.8646711556653456,0.6814697580645211,0.9654413762938265,XOM,polars
1239,0.5701987330743845,0.9145394042119541,1.1152631048387418,1.2792463327760388,XRAY,polars
1239,0.29729036326212155,0.6519468850213704,0.954220161290318,1.096344007107446,XRX,polars
1239,0.4523873000352806,0.8049391099219511,7.3309393145160895,3.1372642607736996,XYL,polars
1239,0.4628871251224082,0.8324773086466812,0.710994354838708,1.0326366095905464,YUM,polars
1239,0.9942749897402515,1.2061125964491444,1.3341866935483833,1.3671733895223834,ZBH,polars
1239,0.4774787515244624,0.792476720834519,3.270914516128984,2.1217697065319436,ZION,polars
1239,0.45526813936579275,0.8211924286914066,8.346230241935547,3.2290701442518155,ZTS,polars
